91,Keith Mccall,53511335-1,mujer,40,repartidor
122,Darragh Foreman,44770429-3,mujer,21,repartidor
616,Alaw Ferrell,38895795-6,hombre,37,repartidor
84,Mary Manning,53234460-3,mujer,30,repartidor
768,Tiffany Cantu,66714421-3,hombre,26,repartidor
350,Oran Valdez,21672114-4,hombre,31,repartidor
21,Darcie-Mae Hutton,99116865-6,hombre,37,repartidor
414,Omari Fuller,48459253-5,hombre,27,repartidor
555,Deen Smyth,80438756-0,hombre,21,repartidor
70,Milena Bright,12957899-8,hombre,37,administrativo
813,Aiden Arnold,36304600-2,hombre,37,repartidor
467,Cally Hopper,38578737-5,mujer,30,repartidor
309,Harriette Hubbard,44840159-6,mujer,24,repartidor
644,Serenity Rossi,46930527-9,mujer,23,repartidor
689,Keagan Hope,91957637-5,hombre,33,repartidor
34,Cem Buckley,54801563-4,hombre,30,repartidor
552,Genevieve Booth,85743167-7,mujer,19,repartidor
383,Nichole Savage,16315937-6,hombre,26,repartidor
327,Darsh Macias,36692442-6,mujer,20,repartidor
577,Ariyah Mckeown,91995839-1,hombre,28,repartidor
167,Edward Truong,44060880-9,mujer,27,repartidor
479,Carter Plummer,27003910-3,hombre,25,repartidor
376,Rianne Coleman,87548946-1,mujer,36,repartidor
728,Karol Knights,23047484-2,mujer,26,repartidor
321,Izabella Bate,63699218-6,mujer,19,repartidor
408,Maiya Villa,20789297-1,mujer,48,administrativo
753,Asha Guthrie,92390198-1,hombre,37,repartidor
186,Tyrell Clay,23970806-4,hombre,47,administrativo
441,Fahad Travers,56474633-9,hombre,24,repartidor
652,Lori Forrest,69822376-6,hombre,29,repartidor
289,Lois Charlton,58366562-5,mujer,29,repartidor
758,Junior Bryant,25919808-9,mujer,27,repartidor
540,Massimo Needham,66199699-4,hombre,26,repartidor
432,Elle Lindsay,97404549-4,hombre,38,repartidor
163,Callie Collier,80843691-4,hombre,29,administrativo
823,Nevaeh Gill,88667817-7,mujer,30,repartidor
444,Joseff Peters,20467855-3,hombre,20,repartidor
99,Nathanael Carlson,70733075-9,hombre,24,repartidor
454,Patrik Dodson,52650167-5,mujer,45,administrativo
525,Muneeb Huff,57041868-8,mujer,34,repartidor
232,Alyce Kirkpatrick,42678415-7,mujer,33,repartidor
183,Reyansh Mccormick,86367440-9,mujer,29,repartidor
1,Summer Clements,13993032-0,hombre,29,repartidor
758,Junior Bryant,25919808-9,mujer,27,repartidor
103,Petra Sharp,78156640-3,hombre,24,repartidor
345,Enid Flower,77785207-8,hombre,31,repartidor
670,Tasmin Crossley,75020925-4,hombre,22,repartidor
521,Jaheim William,37117213-0,hombre,32,repartidor
813,Aiden Arnold,36304600-2,hombre,37,repartidor
292,Cleo Goodwin,29950437-9,hombre,49,administrativo
533,Ffion Allison,70202613-k,hombre,38,administrativo
44,Alys Schwartz,33298524-8,mujer,36,repartidor
658,Hayden Turnbull,56930255-2,hombre,30,repartidor
403,Cyrus Fountain,98296705-8,mujer,21,repartidor
785,Nasir Jenkins,45273848-1,hombre,27,repartidor
318,Martina Betts,41266992-4,mujer,30,repartidor
273,Dania Love,16836029-0,hombre,27,repartidor
93,Tiffany May,53747213-8,mujer,21,repartidor
341,Evie-Grace Middleton,36706688-1,mujer,47,administrativo
625,Darryl Carlson,28673876-1,hombre,27,repartidor
280,Evelina Dickerson,13068977-9,hombre,46,administrativo
536,Dionne Dowling,17167867-6,hombre,20,repartidor
127,Sian Montgomery,51827744-8,mujer,26,repartidor
473,Shahzaib Espinoza,34975310-3,mujer,50,administrativo
168,Christie Zavala,44604413-3,mujer,29,repartidor
39,Caitlyn Mckenzie,76160177-6,mujer,39,repartidor
599,Kayleigh Finley,87244280-4,hombre,34,repartidor
293,Austin Riddle,14240870-8,hombre,24,administrativo
635,Shane Best,39043389-1,hombre,36,repartidor
269,Kaylan Huff,64063874-5,hombre,29,repartidor
384,Ellie-Mai Hutton,14885951-5,mujer,26,repartidor
168,Christie Zavala,44604413-3,mujer,29,repartidor
93,Tiffany May,53747213-8,mujer,21,repartidor
535,Susie Crane,14197251-0,mujer,26,repartidor
285,Abubakr Benjamin,67609462-8,hombre,21,repartidor
763,Khadija Dalby,32153494-5,mujer,19,repartidor
486,Isabell Hogan,96735305-1,hombre,27,repartidor
364,Keanan Cordova,90739234-1,mujer,33,administrativo
385,Arfa Boyer,30775222-0,mujer,20,repartidor
667,Yasmin Barr,25609460-6,mujer,22,repartidor
358,Mahnoor Legge,96828461-4,hombre,31,repartidor
691,Winston Castro,10537138-1,mujer,27,repartidor
0,Corban Stacey,15286948-7,hombre,31,repartidor
387,Georga Salinas,85055980-5,mujer,51,administrativo
3,Rochelle Cain,46088353-9,hombre,27,repartidor
344,Taybah Best,33006349-1,mujer,28,repartidor
555,Deen Smyth,80438756-0,hombre,21,repartidor
347,Carrie-Ann Dickson,19142189-2,mujer,22,repartidor
455,Marnie Macfarlane,31194216-6,mujer,19,repartidor
172,Arla Hinton,10619372-k,mujer,21,repartidor
520,Ainsley Read,67629255-1,mujer,28,repartidor
382,Nimrah Lowery,66398573-6,mujer,32,repartidor
11,Toni Morris,79029236-7,hombre,25,repartidor
507,Kian Branch,43123228-6,hombre,22,repartidor
200,Alana Rahman,46787382-2,hombre,22,repartidor
395,Johnny Perry,64269343-3,mujer,24,repartidor
24,Evie-Grace Hayden,83131309-9,hombre,39,repartidor
467,Cally Hopper,38578737-5,mujer,27,repartidor
115,Ivie Perez,25198755-6,hombre,26,repartidor
821,Ashlyn Finch,97163657-2,mujer,31,administrativo
503,Izabelle Frey,34776869-3,mujer,27,repartidor
495,Fatima Traynor,60139069-8,mujer,36,repartidor
235,Aria Massey,66478458-0,mujer,26,repartidor
608,Musab Valencia,80308047-k,hombre,30,repartidor
567,Theodore Wilkes,11341475-8,hombre,38,repartidor
266,Warwick Webber,86819507-k,mujer,34,repartidor
353,Aisling Chaney,80228379-2,mujer,25,repartidor
710,Vincenzo Preece,45026733-3,mujer,39,repartidor
266,Warwick Webber,86819507-k,mujer,34,repartidor
15,Imogen Wills,55994808-k,hombre,22,repartidor
40,Romilly Heath,38317707-3,hombre,26,repartidor
185,Ihsan Kelley,51093069-k,hombre,23,repartidor
400,Clarke Mcloughlin,83330704-5,hombre,40,repartidor
671,Izaak Mathis,92386054-1,hombre,38,repartidor
259,Amie Fuller,10254486-2,mujer,23,repartidor
394,Dalia Jefferson,10619776-8,mujer,23,repartidor
36,Uma Morales,77020926-9,mujer,19,repartidor
274,Abbi Millington,68903163-3,hombre,19,repartidor
212,Arif Thorne,56485501-4,mujer,33,administrativo
554,Samuel Sheridan,82270937-0,hombre,24,repartidor
464,Codie Galloway,27183294-k,hombre,19,repartidor
184,Shahzaib Bellamy,44749202-4,mujer,31,repartidor
777,Waleed Aguirre,63968995-6,hombre,30,repartidor
54,Teddie Leal,15614052-k,mujer,34,administrativo
357,Zeshan Mcmillan,36205098-7,mujer,20,repartidor
677,Zack Sanderson,85516291-1,hombre,32,repartidor
496,Imran Senior,30991735-9,mujer,25,repartidor
679,Amber-Rose Wardle,92244003-4,hombre,39,repartidor
100,Campbell Vazquez,89200986-4,hombre,36,repartidor
227,Freya Gross,53609901-8,hombre,24,repartidor
281,Zayaan Paterson,12673702-5,mujer,28,repartidor
340,Aleena Maguire,93433032-3,mujer,32,repartidor
475,Matias Strickland,88408240-4,hombre,23,repartidor
323,Heath Cruz,35480818-8,mujer,30,repartidor
82,Jayden-James Mckay,38717290-4,mujer,25,repartidor
142,Jamie-Lee Cook,96863860-2,hombre,35,repartidor
269,Kaylan Huff,64063874-5,hombre,29,repartidor
664,Milly Rudd,83469143-4,mujer,35,repartidor
568,Manisha Mcloughlin,39006777-1,mujer,21,repartidor
382,Nimrah Lowery,66398573-6,mujer,23,repartidor
140,Talia Ellwood,41704207-5,mujer,26,repartidor
393,Melisa Travis,56350683-0,mujer,34,repartidor
356,Cem Moss,13592940-9,mujer,32,repartidor
335,Jardel Keith,40597717-6,hombre,25,repartidor
120,Corrie Kirkpatrick,84729190-7,hombre,29,repartidor
797,Hashir Hendricks,38100857-6,mujer,29,repartidor
449,Jiya Irvine,16689945-1,hombre,20,administrativo
231,Myles Nash,58976828-0,hombre,52,administrativo
484,Jesus Small,90007582-0,hombre,20,repartidor
198,Justine Black,32211035-9,mujer,25,repartidor
429,Amanah Mckay,93635199-9,hombre,28,repartidor
485,Denise Daniel,53281073-6,mujer,19,repartidor
28,Gabija Norton,12460058-8,hombre,19,repartidor
587,Toyah Wolfe,83605517-9,hombre,24,administrativo
96,Lacy Simon,79861684-6,hombre,23,repartidor
138,Nabila Byers,30854312-9,mujer,25,administrativo
124,Zayne Crane,31459690-0,hombre,29,repartidor
517,Lilly-Grace Tucker,99223381-8,hombre,21,repartidor
61,Kacy Stubbs,55012555-2,hombre,28,repartidor
425,Hettie Sweeney,99937169-8,hombre,29,repartidor
416,Elliott Irwin,13890944-1,hombre,37,repartidor
524,Tom Palacios,18454632-9,hombre,21,repartidor
365,Hailie Robertson,59137080-4,mujer,29,repartidor
775,Ammaar Carty,13947632-8,hombre,48,administrativo
3,Rochelle Cain,46088353-9,hombre,27,repartidor
730,Francis Kerr,34414978-k,hombre,40,administrativo
296,Shelby Holder,33802463-0,mujer,23,repartidor
659,Ella-May Hayes,48333719-1,mujer,21,administrativo
598,Esme-Rose Wicks,41325900-2,hombre,21,repartidor
149,Courtney O'Sullivan,53171533-0,mujer,38,repartidor
259,Amie Fuller,10254486-2,mujer,23,repartidor
463,Haleemah Baxter,14408869-7,mujer,25,repartidor
566,Hester Jeffery,20026905-5,mujer,30,repartidor
396,Gina Cortes,77366538-9,mujer,32,repartidor
24,Evie-Grace Hayden,83131309-9,hombre,39,repartidor
194,Korben Hurley,64651214-k,hombre,21,repartidor
205,Ilyas Puckett,34012878-8,mujer,28,repartidor
215,Adyan Wicks,77214559-4,hombre,52,administrativo
158,Amanpreet Mata,81955785-3,hombre,39,repartidor
226,Abdur Heath,40127235-6,mujer,41,administrativo
440,Kayden Delarosa,82693313-5,hombre,34,administrativo
619,Ruby-May Espinosa,44290962-8,hombre,35,repartidor
595,Priya Oneil,96213582-k,mujer,30,repartidor
678,Toby Day,69186141-4,mujer,28,repartidor
220,Bella-Rose Cox,69251591-9,mujer,25,repartidor
620,Tj Moran,88495383-9,mujer,24,repartidor
377,Demi-Leigh Byrd,22977216-3,hombre,33,repartidor
676,Rita Kouma,58378678-3,hombre,34,repartidor
298,Josie Ibarra,75295314-7,mujer,26,repartidor
351,Summer-Louise Strong,99463426-7,hombre,30,repartidor
435,Anis Cohen,37376941-k,hombre,38,repartidor
265,Albert Irvine,62036438-k,hombre,22,repartidor
581,Louie Swan,95367461-0,hombre,27,repartidor
663,Ellise Bautista,66899113-0,hombre,22,repartidor
366,Lily-Rose Wharton,43329730-k,mujer,29,repartidor
814,Billy-Joe Ward,12177977-3,hombre,20,repartidor
452,Kaeden Frazier,66185512-6,hombre,39,repartidor
45,Jill Baker,40588157-8,hombre,57,administrativo
362,Nakita Kelly,60031280-4,mujer,36,repartidor
735,Danyal Steele,59749734-2,mujer,49,administrativo
676,Rita Kouma,58378678-3,hombre,34,repartidor
274,Abbi Millington,68903163-3,hombre,24,repartidor
283,Kajal Short,40644356-6,hombre,22,repartidor
173,Sophia Ryan,34846808-1,hombre,28,repartidor
803,Gaia Pearson,23686910-5,mujer,28,repartidor
102,Subhan Pearce,53329659-9,hombre,22,repartidor
782,Kaeden Knapp,37285914-8,mujer,53,administrativo
442,Samiya Hardin,84911278-3,mujer,30,repartidor
474,Suzanna Romero,80558312-6,hombre,22,repartidor
822,Mikayla Hume,42714709-6,mujer,30,administrativo
516,Sallie Wolf,85831418-6,mujer,23,repartidor
81,Kimora Ridley,33461543-k,mujer,28,administrativo
612,Diego Castillo,76081261-7,hombre,34,repartidor
2,Sia Begum,10348170-8,mujer,27,repartidor
17,Florrie Pacheco,95185947-8,hombre,29,administrativo
286,Zackery Sheridan,83028620-9,mujer,29,repartidor
697,Ferne Fritz,25002692-7,mujer,19,repartidor
643,Kaleem Hill,60727093-7,hombre,24,repartidor
284,Trystan Wall,50321392-3,mujer,35,repartidor
89,Grace O'Moore,70851011-4,mujer,39,repartidor
126,Adnaan Rowley,34183638-7,hombre,26,repartidor
353,Aisling Chaney,80228379-2,mujer,25,repartidor
86,Nataniel Miller,44100123-1,mujer,22,repartidor
362,Nakita Kelly,60031280-4,mujer,36,repartidor
410,Clodagh Greenaway,80508950-4,mujer,26,repartidor
145,Ignacy Leblanc,46962859-0,hombre,34,repartidor
674,Freddy Simons,52698782-9,hombre,33,repartidor
385,Arfa Boyer,30775222-0,mujer,20,repartidor
709,Ameera Edwards,64367868-3,mujer,28,repartidor
773,Humayra Palacios,90494178-6,hombre,38,repartidor
712,Raheel Bonilla,25399600-5,mujer,19,repartidor
706,Emile Lopez,70019535-k,hombre,20,repartidor
178,Scarlet Banks,83386046-1,mujer,28,repartidor
109,Geoffrey Ellis,96213302-9,hombre,20,repartidor
238,Arslan Horton,13690129-k,hombre,39,repartidor
210,Cleo Aguilar,37220030-8,hombre,20,repartidor
744,Sonnie Pugh,34039148-9,mujer,35,repartidor
197,Adela Tillman,86164302-6,hombre,45,administrativo
807,Isaac Fleming,52258791-5,mujer,20,administrativo
365,Hailie Robertson,59137080-4,mujer,37,repartidor
380,Gavin Jeffery,37742604-5,mujer,23,repartidor
639,Caitlan Whitehouse,50728559-7,mujer,34,repartidor
790,Robyn Hyde,14495790-3,hombre,29,repartidor
705,Brendon Denton,23625905-6,mujer,20,repartidor
59,Macauley Davison,63459997-5,mujer,32,repartidor
725,Glenn Curry,67216197-5,mujer,27,repartidor
486,Isabell Hogan,96735305-1,hombre,27,repartidor
713,Che Partridge,16943787-4,mujer,39,administrativo
299,Effie Washington,79687907-6,hombre,22,repartidor
128,Arham Johnson,58496906-7,hombre,26,repartidor
141,Nicky O'Brien,15460166-k,mujer,20,repartidor
505,Ruby-Leigh Stevenson,75328775-2,hombre,19,repartidor
566,Hester Jeffery,20026905-5,mujer,28,repartidor
409,Mack Wallis,53456223-3,mujer,28,repartidor
189,Oliver Fitzpatrick,80282829-2,hombre,25,repartidor
663,Ellise Bautista,66899113-0,hombre,22,repartidor
154,Cadi Stokes,79758989-6,hombre,29,repartidor
779,Karis Downes,42494071-2,mujer,19,repartidor
538,Brandan Mcdougall,48630167-8,mujer,42,administrativo
693,Jonah Murphy,53331281-0,hombre,22,repartidor
566,Hester Jeffery,20026905-5,mujer,28,repartidor
196,Rafael Cisneros,41226633-1,hombre,34,repartidor
818,Siyana Ballard,95423202-6,hombre,23,repartidor
131,John-James Burton,60747994-1,hombre,22,repartidor
315,Finnley Orr,22169359-0,hombre,20,repartidor
403,Cyrus Fountain,98296705-8,mujer,40,repartidor
407,Sherri Kearns,38470405-0,mujer,22,repartidor
195,Julie Hart,23819538-1,hombre,48,administrativo
53,Eoin Sosa,28060713-4,hombre,29,repartidor
745,Lola-Mae Whittaker,93591226-1,hombre,27,repartidor
475,Matias Strickland,88408240-4,hombre,23,repartidor
435,Anis Cohen,37376941-k,hombre,38,repartidor
631,Johanna Whelan,20996381-7,mujer,36,repartidor
719,Vickie Clifford,10927357-0,mujer,19,administrativo
329,Zubair Benjamin,19150492-5,mujer,29,repartidor
629,Janine Keller,45624249-9,hombre,21,repartidor
634,Cora Camacho,70551235-3,mujer,23,repartidor
36,Uma Morales,77020926-9,mujer,27,repartidor
643,Kaleem Hill,60727093-7,hombre,24,repartidor
422,Elizabeth Hopper,81234956-2,hombre,38,repartidor
421,Carley Dixon,91888493-9,mujer,23,repartidor
173,Sophia Ryan,34846808-1,hombre,30,repartidor
480,Sabiha O'Quinn,93129167-k,mujer,60,administrativo
623,Ashlyn Rossi,81783289-k,mujer,32,administrativo
705,Brendon Denton,23625905-6,mujer,20,repartidor
26,Ottilie Campos,78166652-1,mujer,28,repartidor
522,Suranne Byrd,36600416-5,hombre,46,administrativo
352,Rhydian Keeling,44372095-2,mujer,22,administrativo
329,Zubair Benjamin,19150492-5,mujer,29,repartidor
302,Rayan Mccray,34603233-2,hombre,24,repartidor
148,Rhianna Gilliam,93207016-2,hombre,24,repartidor
481,Tayyibah Mckinney,18067050-5,mujer,50,administrativo
246,Cora Becker,73557956-8,mujer,27,repartidor
365,Hailie Robertson,59137080-4,mujer,37,repartidor
390,Collette Munro,72429091-4,mujer,19,repartidor
179,Suhayb Frame,41740767-7,mujer,27,repartidor
327,Darsh Macias,36692442-6,mujer,20,repartidor
5,Frederic Brooks,37630974-6,mujer,44,administrativo
487,Ivan Allison,57829633-6,hombre,23,repartidor
606,Arthur Lara,58191750-3,mujer,28,repartidor
219,Taine Ireland,97675067-5,mujer,34,repartidor
514,Camron Chaney,70366259-5,hombre,39,repartidor
514,Camron Chaney,70366259-5,hombre,39,repartidor
763,Khadija Dalby,32153494-5,mujer,28,repartidor
361,Kasim Brooks,61892040-2,mujer,25,repartidor
400,Clarke Mcloughlin,83330704-5,hombre,40,repartidor
648,Maude Arnold,59129614-0,hombre,42,administrativo
710,Vincenzo Preece,45026733-3,mujer,39,repartidor
592,Latoya Powers,54252672-6,hombre,29,repartidor
479,Carter Plummer,27003910-3,hombre,25,repartidor
156,Jasper Hicks,53038300-8,mujer,19,repartidor
25,Katie Yoder,57078757-8,hombre,34,repartidor
347,Carrie-Ann Dickson,19142189-2,mujer,22,repartidor
598,Esme-Rose Wicks,41325900-2,hombre,19,repartidor
536,Dionne Dowling,17167867-6,hombre,20,repartidor
579,Solomon Morton,31726652-9,hombre,27,repartidor
415,Lewis Mcleod,17070747-8,hombre,28,repartidor
460,Olivia-Mae Hicks,26135720-8,hombre,20,repartidor
371,Mila-Rose Ramsey,72856019-3,mujer,27,repartidor
484,Jesus Small,90007582-0,hombre,22,repartidor
419,Arianna Vazquez,50319391-4,mujer,57,administrativo
794,Ella-Mai Butt,41775238-2,mujer,36,repartidor
617,Minahil Kaye,59982206-2,hombre,24,repartidor
694,Frances Hartman,94559048-3,mujer,27,repartidor
722,Hadley Acosta,32086803-3,mujer,26,repartidor
669,Dawson Rayner,73290473-5,mujer,39,repartidor
632,Dominik Wynn,57639262-1,mujer,38,repartidor
287,Izaan Byrd,89077953-0,mujer,30,repartidor
283,Kajal Short,40644356-6,hombre,20,repartidor
805,Asiya Short,98357275-8,hombre,22,repartidor
199,Adam Grant,52247620-k,mujer,29,repartidor
38,Eleasha Craig,58000701-5,hombre,24,repartidor
815,Nathaniel Rivas,79974368-k,mujer,22,repartidor
15,Imogen Wills,55994808-k,hombre,22,repartidor
622,Aryaan Fox,88151779-5,hombre,52,administrativo
655,Xander Simmonds,91258242-6,hombre,26,repartidor
435,Anis Cohen,37376941-k,hombre,38,repartidor
618,Quentin Jacobs,66658505-4,hombre,22,repartidor
695,Reece Price,39038168-9,hombre,21,repartidor
795,Maia Glover,52792841-9,mujer,22,administrativo
531,Carter Bradshaw,83123905-0,hombre,35,repartidor
177,Abbas Gonzales,85884715-k,hombre,39,repartidor
777,Waleed Aguirre,63968995-6,hombre,30,repartidor
665,Irfan Britton,52158784-9,hombre,20,repartidor
692,Pierce Mora,29557986-2,mujer,26,repartidor
415,Lewis Mcleod,17070747-8,hombre,28,repartidor
551,Junayd Andersen,67902197-4,hombre,36,repartidor
23,Nyah Croft,68035652-1,mujer,26,repartidor
552,Genevieve Booth,85743167-7,mujer,19,repartidor
478,Lucien Watkins,22760013-6,mujer,21,repartidor
758,Junior Bryant,25919808-9,mujer,27,repartidor
813,Aiden Arnold,36304600-2,hombre,37,repartidor
58,Harriett Castillo,81559564-5,mujer,24,repartidor
565,Trey Saunders,23494123-2,hombre,57,administrativo
248,Scarlett Cassidy,33911863-9,hombre,26,repartidor
646,Sylvia Faulkner,63953205-4,mujer,21,repartidor
391,Bryce Watt,75281837-1,mujer,25,repartidor
382,Nimrah Lowery,66398573-6,mujer,32,repartidor
695,Reece Price,39038168-9,hombre,21,repartidor
14,Dulcie Kearns,92931585-5,hombre,29,repartidor
591,Mayson Nicholson,26541300-5,hombre,23,repartidor
302,Rayan Mccray,34603233-2,hombre,21,repartidor
58,Harriett Castillo,81559564-5,mujer,24,repartidor
29,Alexandra Naylor,85594953-9,mujer,39,repartidor
251,Mehak Dawson,80600254-2,mujer,23,repartidor
111,Anaya Rice,62832139-6,hombre,52,administrativo
83,Jeff Lane,69705129-5,hombre,21,administrativo
314,Bryony Henry,68155764-4,hombre,27,repartidor
711,Hudson Emerson,54746197-5,mujer,38,repartidor
135,Mila Rhodes,49166815-6,hombre,58,administrativo
294,Ines Fountain,59150917-9,hombre,34,administrativo
415,Lewis Mcleod,17070747-8,hombre,27,repartidor
276,Cooper Draper,24796080-5,hombre,27,repartidor
577,Ariyah Mckeown,91995839-1,hombre,21,repartidor
812,Evan Haas,24655915-5,hombre,40,repartidor
617,Minahil Kaye,59982206-2,hombre,24,repartidor
773,Humayra Palacios,90494178-6,hombre,38,repartidor
668,Marlon Lott,29381516-k,hombre,39,administrativo
601,Aimie Sears,72018152-5,hombre,29,repartidor
210,Cleo Aguilar,37220030-8,hombre,20,repartidor
126,Adnaan Rowley,34183638-7,hombre,26,repartidor
488,Melissa Ashley,29803983-4,hombre,30,repartidor
791,Rebecca Sheehan,49552236-9,hombre,23,repartidor
160,Siyana Krueger,14811794-2,hombre,19,repartidor
220,Bella-Rose Cox,69251591-9,mujer,25,repartidor
21,Darcie-Mae Hutton,99116865-6,hombre,37,repartidor
15,Imogen Wills,55994808-k,hombre,22,repartidor
509,Rodney Woodcock,12205074-2,hombre,31,repartidor
285,Abubakr Benjamin,67609462-8,hombre,21,repartidor
553,Bridie Currie,63214464-4,mujer,35,repartidor
109,Geoffrey Ellis,96213302-9,hombre,20,repartidor
389,Samad Neville,54122700-8,mujer,19,repartidor
562,Amelia-Mae Malone,87094740-2,hombre,30,repartidor
460,Olivia-Mae Hicks,26135720-8,hombre,20,repartidor
26,Ottilie Campos,78166652-1,mujer,28,repartidor
71,Oliwia Livingston,33572631-6,mujer,27,repartidor
630,Emelia Roche,66295586-8,hombre,34,repartidor
368,Alister Hartman,91461351-5,mujer,30,repartidor
503,Izabelle Frey,34776869-3,mujer,27,repartidor
460,Olivia-Mae Hicks,26135720-8,hombre,32,repartidor
683,Piotr Glenn,81881771-1,mujer,31,repartidor
312,Gregg Douglas,18902520-3,mujer,55,administrativo
482,Jibril Hall,89118524-3,mujer,28,administrativo
240,Caius Ball,57133149-7,mujer,22,repartidor
642,Louie Harwood,36750587-7,mujer,19,repartidor
671,Izaak Mathis,92386054-1,hombre,38,repartidor
174,Subhaan Corbett,93009498-6,hombre,37,repartidor
725,Glenn Curry,67216197-5,mujer,27,repartidor
633,Isobel Dudley,99108730-3,hombre,22,repartidor
576,Alfie-Lee Pruitt,61127746-6,mujer,24,repartidor
534,Fynley Glenn,34048567-k,mujer,25,repartidor
720,Ricardo Devine,66976509-6,mujer,21,repartidor
221,Lillia Hartman,45385992-4,mujer,26,repartidor
332,Callan Lowe,56093204-9,mujer,26,repartidor
502,Alfie-James Moyer,74500563-2,hombre,36,repartidor
397,Margo Stuart,21875469-4,mujer,26,repartidor
357,Zeshan Mcmillan,36205098-7,mujer,25,repartidor
277,Avani Phan,51193594-6,mujer,39,repartidor
728,Karol Knights,23047484-2,mujer,28,repartidor
260,Anam Mcarthur,12166206-k,hombre,44,administrativo
403,Cyrus Fountain,98296705-8,mujer,40,repartidor
402,Bea Mcnally,63382431-2,mujer,26,repartidor
541,Maleeha Rice,65809271-5,mujer,60,administrativo
804,Ruth Steadman,93129166-1,mujer,28,repartidor
205,Ilyas Puckett,34012878-8,mujer,28,repartidor
1,Summer Clements,13993032-0,hombre,29,repartidor
463,Haleemah Baxter,14408869-7,mujer,25,repartidor
3,Rochelle Cain,46088353-9,hombre,27,repartidor
43,Adela Cordova,85394005-4,hombre,21,repartidor
167,Edward Truong,44060880-9,mujer,21,repartidor
202,Dane Sharma,30928102-0,mujer,42,administrativo
125,Lilli Leech,13904984-5,mujer,31,repartidor
249,Kyle Aguirre,53783913-9,hombre,30,administrativo
75,Braiden Hoover,26635765-6,hombre,29,repartidor
704,Saffron Sawyer,88538509-5,hombre,24,repartidor
86,Nataniel Miller,44100123-1,mujer,22,repartidor
667,Yasmin Barr,25609460-6,mujer,22,repartidor
638,Roger Woodcock,27161682-1,mujer,38,administrativo
723,Belinda Chamberlain,76762441-7,hombre,22,repartidor
603,Claudia Avery,44626695-0,hombre,36,repartidor
790,Robyn Hyde,14495790-3,hombre,26,repartidor
58,Harriett Castillo,81559564-5,mujer,25,repartidor
733,Gino Alston,63196577-6,hombre,21,repartidor
706,Emile Lopez,70019535-k,hombre,23,repartidor
470,Guto Benitez,59890575-4,mujer,21,repartidor
192,Javan Wiley,57728317-6,hombre,21,repartidor
627,Maksim Mcmahon,97355372-0,hombre,27,administrativo
332,Callan Lowe,56093204-9,mujer,26,repartidor
262,Dante Nava,88732812-9,mujer,27,repartidor
430,Alanis Clark,73833231-8,mujer,26,repartidor
685,Akeem Hensley,84891139-9,mujer,33,administrativo
818,Siyana Ballard,95423202-6,hombre,23,repartidor
213,Sonya Smart,31793868-3,mujer,27,repartidor
760,Haidar Moreno,91346186-k,hombre,24,repartidor
576,Alfie-Lee Pruitt,61127746-6,mujer,24,repartidor
254,Kelly Keenan,56944351-2,hombre,32,repartidor
318,Martina Betts,41266992-4,mujer,30,repartidor
274,Abbi Millington,68903163-3,hombre,27,repartidor
470,Guto Benitez,59890575-4,mujer,21,repartidor
436,Beauden Gilmour,18165501-1,hombre,40,repartidor
743,Princess Guest,73454838-3,mujer,56,administrativo
326,Haris Humphreys,38072383-2,hombre,28,administrativo
414,Omari Fuller,48459253-5,hombre,27,repartidor
452,Kaeden Frazier,66185512-6,hombre,39,repartidor
445,Maisey Alexander,76396643-7,hombre,19,repartidor
510,Derrick Fritz,34996262-4,mujer,52,administrativo
458,Hasan Harrison,79308193-6,hombre,40,repartidor
539,Patryk Enriquez,54121962-5,hombre,19,repartidor
761,Shayaan Watkins,56405384-8,hombre,28,repartidor
762,Abid Cross,97596735-2,hombre,20,repartidor
316,Cayson Branch,22913410-8,mujer,26,repartidor
233,Brandi Conroy,63936216-7,mujer,19,repartidor
51,Samirah O'Brien,76356563-7,mujer,38,repartidor
236,Maxime Haigh,49718772-9,mujer,20,repartidor
23,Nyah Croft,68035652-1,mujer,28,repartidor
379,Indigo Liu,54570173-1,mujer,20,repartidor
626,Tye Corrigan,28273728-0,hombre,47,administrativo
633,Isobel Dudley,99108730-3,hombre,22,repartidor
818,Siyana Ballard,95423202-6,hombre,23,repartidor
328,Alexandra Barrera,82429778-9,hombre,22,repartidor
557,Kacie Stevens,89576450-7,hombre,28,repartidor
727,Tayyib Davila,47121914-2,mujer,47,administrativo
245,Andrew Santos,26100581-6,hombre,19,repartidor
792,Sakina Stewart,40161573-3,hombre,23,repartidor
127,Sian Montgomery,51827744-8,mujer,38,repartidor
62,Timothy Senior,22274441-5,mujer,29,administrativo
726,Shahzaib Lester,84621982-k,mujer,22,repartidor
95,Kelise Fraser,73543707-0,mujer,19,repartidor
762,Abid Cross,97596735-2,hombre,22,repartidor
287,Izaan Byrd,89077953-0,mujer,30,repartidor
288,Billie Durham,93550420-1,hombre,29,repartidor
170,Bridget Mckee,10669832-5,hombre,56,administrativo
806,Amba Crane,77484278-0,mujer,36,administrativo
216,Danyl Boyer,62196038-5,mujer,29,repartidor
329,Zubair Benjamin,19150492-5,mujer,29,repartidor
588,Lily-Mae O'Quinn,68147125-1,hombre,58,administrativo
264,Roan Stubbs,42162871-8,mujer,34,repartidor
556,Petra Rigby,73561428-2,hombre,36,repartidor
142,Jamie-Lee Cook,96863860-2,hombre,35,repartidor
738,Howard Boone,79543386-4,hombre,28,repartidor
367,Presley Mcgowan,42354523-2,hombre,28,repartidor
271,Alistair Sanford,70012917-9,mujer,59,administrativo
250,David Beach,43173481-8,mujer,28,repartidor
574,Ivy-Rose Mcclure,41659296-9,mujer,25,repartidor
733,Gino Alston,63196577-6,hombre,37,repartidor
722,Hadley Acosta,32086803-3,mujer,24,repartidor
687,Atticus Hussain,60020954-k,mujer,26,repartidor
228,Elspeth Rice,63974341-1,mujer,36,repartidor
316,Cayson Branch,22913410-8,mujer,26,repartidor
778,Dev Adamson,75269880-5,mujer,28,repartidor
463,Haleemah Baxter,14408869-7,mujer,21,repartidor
425,Hettie Sweeney,99937169-8,hombre,29,repartidor
664,Milly Rudd,83469143-4,mujer,35,repartidor
213,Sonya Smart,31793868-3,mujer,27,repartidor
151,Lola-Mae Kay,93840785-1,hombre,23,repartidor
144,Millie-Rose Frost,83118985-1,hombre,21,repartidor
702,Ajwa Daly,87624695-3,mujer,20,repartidor
234,Lester Contreras,71162268-3,mujer,51,administrativo
379,Indigo Liu,54570173-1,mujer,20,repartidor
65,Quinn Munro,60574488-5,mujer,29,repartidor
680,Kwabena Stone,74415365-4,mujer,19,repartidor
711,Hudson Emerson,54746197-5,mujer,38,repartidor
647,Jadon Slater,99347364-2,hombre,20,administrativo
536,Dionne Dowling,17167867-6,hombre,23,repartidor
402,Bea Mcnally,63382431-2,mujer,26,repartidor
410,Clodagh Greenaway,80508950-4,mujer,26,repartidor
549,Willis Herbert,97985609-1,mujer,18,administrativo
526,Ziva Langley,75129314-3,hombre,39,repartidor
351,Summer-Louise Strong,99463426-7,hombre,30,repartidor
371,Mila-Rose Ramsey,72856019-3,mujer,27,repartidor
247,Allana Jarvis,26617374-1,hombre,37,repartidor
208,Kiran Hanna,88697741-7,mujer,36,administrativo
729,Layton Hodge,73026642-1,mujer,20,administrativo
372,Julien Sloan,35656775-7,mujer,20,repartidor
377,Demi-Leigh Byrd,22977216-3,hombre,33,repartidor
702,Ajwa Daly,87624695-3,mujer,20,repartidor
773,Humayra Palacios,90494178-6,hombre,38,repartidor
702,Ajwa Daly,87624695-3,mujer,20,repartidor
425,Hettie Sweeney,99937169-8,hombre,29,repartidor
116,Riccardo Hamilton,80588097-k,mujer,19,repartidor
759,Stefan Allen,92060023-9,mujer,19,repartidor
230,Bernard Wells,12815044-7,hombre,30,repartidor
137,Judith Stott,89025372-5,mujer,22,repartidor
180,Imaad Knox,35785969-7,mujer,49,administrativo
571,Jana Byrd,22825105-4,hombre,37,administrativo
720,Ricardo Devine,66976509-6,mujer,25,repartidor
661,Becky Strickland,49641463-2,hombre,30,repartidor
799,Harlow Woods,99302343-4,hombre,24,repartidor
512,Miruna Friedman,35773199-2,hombre,20,repartidor
798,Yash Wallace,69691126-6,mujer,19,repartidor
75,Braiden Hoover,26635765-6,hombre,28,repartidor
708,Macsen Major,62034785-k,hombre,38,repartidor
73,Alexandria Garrison,47377094-6,hombre,30,repartidor
160,Siyana Krueger,14811794-2,hombre,19,repartidor
151,Lola-Mae Kay,93840785-1,hombre,34,repartidor
288,Billie Durham,93550420-1,hombre,24,repartidor
300,Humairaa Knights,70368495-5,mujer,29,repartidor
385,Arfa Boyer,30775222-0,mujer,20,repartidor
165,Abubakar Bowler,90471139-k,mujer,27,repartidor
515,Iram Carroll,79922398-8,hombre,40,repartidor
783,Jobe Reyes,79725852-0,hombre,20,repartidor
362,Nakita Kelly,60031280-4,mujer,36,repartidor
608,Musab Valencia,80308047-k,hombre,30,repartidor
378,Eleanor Charlton,28353821-4,hombre,27,repartidor
745,Lola-Mae Whittaker,93591226-1,hombre,27,repartidor
61,Kacy Stubbs,55012555-2,hombre,28,repartidor
690,Tudor Proctor,76362168-5,mujer,21,repartidor
718,Kit Adams,70638696-3,mujer,26,repartidor
737,Cari Welch,48592540-6,mujer,22,repartidor
200,Alana Rahman,46787382-2,hombre,22,repartidor
611,Marlene Hawes,41071374-8,hombre,40,repartidor
459,Taiba Richmond,49628420-8,mujer,23,repartidor
446,Lucy Dunlap,41545483-k,hombre,36,repartidor
290,Jade Thatcher,47981838-k,hombre,30,administrativo
489,Natalya Thorpe,22783728-4,hombre,26,administrativo
694,Frances Hartman,94559048-3,mujer,39,repartidor
25,Katie Yoder,57078757-8,hombre,34,repartidor
789,Yunus Galloway,15955355-8,mujer,20,administrativo
222,Ellenor Lara,11544489-1,mujer,35,repartidor
631,Johanna Whelan,20996381-7,mujer,36,repartidor
245,Andrew Santos,26100581-6,hombre,24,repartidor
600,Clayton Mckenna,75397524-1,mujer,34,repartidor
396,Gina Cortes,77366538-9,mujer,32,repartidor
682,Carolina Gomez,35414863-3,hombre,31,repartidor
416,Elliott Irwin,13890944-1,hombre,21,repartidor
564,Sneha Hagan,90601826-8,mujer,19,repartidor
474,Suzanna Romero,80558312-6,hombre,22,repartidor
394,Dalia Jefferson,10619776-8,mujer,23,repartidor
259,Amie Fuller,10254486-2,mujer,23,repartidor
628,Jaiden Sampson,89477804-0,mujer,28,repartidor
689,Keagan Hope,91957637-5,hombre,33,repartidor
100,Campbell Vazquez,89200986-4,hombre,36,repartidor
601,Aimie Sears,72018152-5,hombre,32,repartidor
104,Olivia-Mae Carey,69760987-3,mujer,24,repartidor
397,Margo Stuart,21875469-4,mujer,26,repartidor
322,Elleanor Kane,86339917-3,mujer,23,administrativo
687,Atticus Hussain,60020954-k,mujer,26,repartidor
131,John-James Burton,60747994-1,hombre,22,repartidor
606,Arthur Lara,58191750-3,mujer,28,repartidor
631,Johanna Whelan,20996381-7,mujer,36,repartidor
721,Payton Arroyo,63216586-2,hombre,24,administrativo
388,Sylvia Mcfarland,50536630-1,hombre,27,repartidor
529,Lily-Anne Barnes,25309713-2,hombre,54,administrativo
785,Nasir Jenkins,45273848-1,hombre,28,repartidor
261,Georga Duffy,11557739-5,mujer,47,administrativo
34,Cem Buckley,54801563-4,hombre,30,repartidor
209,Krista Head,67414624-8,mujer,33,administrativo
436,Beauden Gilmour,18165501-1,hombre,40,repartidor
410,Clodagh Greenaway,80508950-4,mujer,26,repartidor
448,Layton Sparks,74269105-5,mujer,22,repartidor
620,Tj Moran,88495383-9,mujer,24,repartidor
720,Ricardo Devine,66976509-6,mujer,25,repartidor
684,Dulcie Shelton,88413708-k,hombre,43,administrativo
675,Elissa Schmidt,60926655-4,mujer,53,administrativo
474,Suzanna Romero,80558312-6,hombre,30,repartidor
331,Cerys Clarkson,86083776-5,hombre,34,repartidor
335,Jardel Keith,40597717-6,hombre,25,repartidor
160,Siyana Krueger,14811794-2,hombre,19,repartidor
297,Lara Mcmahon,20672410-2,mujer,44,administrativo
816,Harry Hood,42868972-0,mujer,26,repartidor
548,Rhonda Carney,81403585-9,mujer,36,repartidor
804,Ruth Steadman,93129166-1,mujer,28,repartidor
772,Ayana Portillo,60456055-1,mujer,24,repartidor
507,Kian Branch,43123228-6,hombre,20,repartidor
512,Miruna Friedman,35773199-2,hombre,20,repartidor
614,Deanne Villarreal,67753422-2,mujer,40,repartidor
242,Sulaiman Martin,11077126-6,hombre,40,repartidor
323,Heath Cruz,35480818-8,mujer,30,repartidor
374,Tyler-Jay Forster,76563311-7,mujer,35,administrativo
133,Adrian Fitzgerald,59444986-k,hombre,27,repartidor
146,Marcelina Lowery,71075215-k,hombre,30,repartidor
785,Nasir Jenkins,45273848-1,hombre,27,repartidor
286,Zackery Sheridan,83028620-9,mujer,29,repartidor
556,Petra Rigby,73561428-2,hombre,20,repartidor
769,Skye Gray,48007583-8,mujer,49,administrativo
99,Nathanael Carlson,70733075-9,hombre,24,repartidor
704,Saffron Sawyer,88538509-5,hombre,24,repartidor
570,Roseanne Nguyen,45856781-6,mujer,22,repartidor
395,Johnny Perry,64269343-3,mujer,40,repartidor
513,Ralphy Phan,94362008-3,hombre,29,repartidor
505,Ruby-Leigh Stevenson,75328775-2,hombre,19,repartidor
348,Sara Horn,27143992-k,mujer,33,administrativo
519,Connor Weir,62422623-2,hombre,19,repartidor
740,Spencer Tran,48553208-0,mujer,24,administrativo
378,Eleanor Charlton,28353821-4,hombre,27,repartidor
277,Avani Phan,51193594-6,mujer,39,repartidor
319,Kinga Redmond,78459862-4,hombre,22,administrativo
612,Diego Castillo,76081261-7,hombre,21,repartidor
635,Shane Best,39043389-1,hombre,36,repartidor
16,Marianne Mays,63688364-6,mujer,47,administrativo
520,Ainsley Read,67629255-1,mujer,26,repartidor
270,Gene Melton,50511840-5,hombre,28,repartidor
267,Uzma Burris,61774912-2,mujer,28,repartidor
618,Quentin Jacobs,66658505-4,hombre,22,repartidor
420,Campbell Shepherd,81602032-8,hombre,51,administrativo
67,Haley Bonilla,55326528-2,hombre,19,repartidor
515,Iram Carroll,79922398-8,hombre,23,repartidor
560,Maiya Tierney,43654491-k,hombre,25,repartidor
468,Sebastien Petersen,89213188-0,mujer,53,administrativo
823,Nevaeh Gill,88667817-7,mujer,30,repartidor
559,Kaiya Huerta,87371798-k,mujer,31,repartidor
151,Lola-Mae Kay,93840785-1,hombre,22,repartidor
229,Christopher Macleod,51433500-1,hombre,51,administrativo
621,Karina Morgan,97632307-6,hombre,32,repartidor
412,Robyn Riddle,36432728-5,mujer,39,repartidor
751,Harvie Bonilla,46805723-9,mujer,35,administrativo
68,Afsana Roth,31690607-9,hombre,21,administrativo
230,Bernard Wells,12815044-7,hombre,30,repartidor
488,Melissa Ashley,29803983-4,hombre,30,repartidor
253,Rupert Ahmed,22027409-8,hombre,27,repartidor
788,Frances Corrigan,12920124-k,mujer,25,administrativo
681,Cheyanne Petersen,89751595-4,mujer,30,repartidor
88,Florrie Drew,59445067-1,hombre,55,administrativo
31,Mahi Vargas,44171043-7,hombre,28,administrativo
199,Adam Grant,52247620-k,mujer,29,repartidor
239,Jobe Hopper,69135613-2,hombre,31,repartidor
221,Lillia Hartman,45385992-4,mujer,24,repartidor
321,Izabella Bate,63699218-6,mujer,19,repartidor
141,Nicky O'Brien,15460166-k,mujer,20,repartidor
129,Josh Fry,93066103-1,mujer,23,repartidor
464,Codie Galloway,27183294-k,hombre,39,repartidor
609,Thierry Hurley,82254885-7,mujer,39,repartidor
608,Musab Valencia,80308047-k,hombre,30,repartidor
731,Nico Lim,87282538-k,hombre,26,repartidor
546,Cecelia Bender,29877385-6,hombre,25,repartidor
801,Miller Fletcher,35340502-0,hombre,34,repartidor
42,Malaki Wiggins,94123958-7,hombre,21,repartidor
568,Manisha Mcloughlin,39006777-1,mujer,21,repartidor
114,Lorraine Maxwell,89793517-1,hombre,20,repartidor
570,Roseanne Nguyen,45856781-6,mujer,22,repartidor
376,Rianne Coleman,87548946-1,mujer,22,repartidor
133,Adrian Fitzgerald,59444986-k,hombre,27,repartidor
337,Catriona Cresswell,83640016-k,mujer,36,administrativo
4,Ollie Morrow,20180335-7,hombre,27,repartidor
793,India Camacho,12969098-4,mujer,32,repartidor
589,Arissa Webb,54363208-2,hombre,49,administrativo
55,Dillon Reeves,83917354-7,mujer,34,repartidor
269,Kaylan Huff,64063874-5,hombre,29,repartidor
109,Geoffrey Ellis,96213302-9,hombre,20,repartidor
33,Ari Tomlinson,14377401-5,hombre,21,repartidor
296,Shelby Holder,33802463-0,mujer,29,repartidor
672,Korban Robbins,38629675-8,mujer,23,repartidor
458,Hasan Harrison,79308193-6,hombre,40,repartidor
74,Awais Berger,46187096-1,mujer,39,administrativo
756,Harvey-Lee Burch,78301240-5,mujer,24,repartidor
87,Agnes Singleton,43776217-1,mujer,34,administrativo
34,Cem Buckley,54801563-4,hombre,30,repartidor
93,Tiffany May,53747213-8,mujer,21,repartidor
653,Geraint Shaw,59854747-5,mujer,37,repartidor
317,Rhonda Reeve,97538963-4,hombre,26,repartidor
85,Hermione Ventura,58593290-6,hombre,27,repartidor
355,Elliot Pacheco,37184049-4,mujer,20,repartidor
216,Danyl Boyer,62196038-5,mujer,29,repartidor
344,Taybah Best,33006349-1,mujer,28,repartidor
613,Shelbie Moreno,12885071-6,hombre,46,administrativo
33,Ari Tomlinson,14377401-5,hombre,24,repartidor
661,Becky Strickland,49641463-2,hombre,27,repartidor
104,Olivia-Mae Carey,69760987-3,mujer,24,repartidor
680,Kwabena Stone,74415365-4,mujer,37,repartidor
9,Khia Kline,22587614-2,mujer,22,repartidor
557,Kacie Stevens,89576450-7,hombre,30,repartidor
551,Junayd Andersen,67902197-4,hombre,36,repartidor
683,Piotr Glenn,81881771-1,mujer,31,repartidor
584,Toby Petty,84593882-2,hombre,35,repartidor
809,Luca Foley,71316667-7,mujer,35,repartidor
262,Dante Nava,88732812-9,mujer,20,repartidor
496,Imran Senior,30991735-9,mujer,25,repartidor
703,Aleksander Patton,29009046-6,hombre,39,repartidor
331,Cerys Clarkson,86083776-5,hombre,34,repartidor
478,Lucien Watkins,22760013-6,mujer,21,repartidor
172,Arla Hinton,10619372-k,mujer,21,repartidor
346,Edmund Whelan,57792927-0,mujer,23,repartidor
723,Belinda Chamberlain,76762441-7,hombre,22,repartidor
268,Tyreke Gilmore,12412672-k,mujer,23,repartidor
508,Isla-Mae Calhoun,99184175-k,mujer,27,repartidor
746,Kirandeep Riggs,73842540-5,mujer,25,administrativo
375,Justine Wood,22001298-0,mujer,31,repartidor
736,Hettie Samuels,37204390-3,hombre,30,repartidor
334,Zaine Trujillo,20820475-0,hombre,19,repartidor
27,Jasper Harvey,32359787-1,mujer,54,administrativo
590,Leanne Weeks,31359212-k,hombre,30,repartidor
452,Kaeden Frazier,66185512-6,hombre,39,repartidor
44,Alys Schwartz,33298524-8,mujer,27,repartidor
128,Arham Johnson,58496906-7,hombre,20,repartidor
467,Cally Hopper,38578737-5,mujer,30,repartidor
80,Arwen Flores,47673879-2,hombre,34,administrativo
451,Sameera Robson,71180222-3,hombre,30,administrativo
619,Ruby-May Espinosa,44290962-8,hombre,35,repartidor
741,Pola Finney,10339840-1,mujer,23,repartidor
385,Arfa Boyer,30775222-0,mujer,20,repartidor
601,Aimie Sears,72018152-5,hombre,32,repartidor
309,Harriette Hubbard,44840159-6,mujer,32,repartidor
766,Kierran Stanton,50942616-3,hombre,27,administrativo
157,Kara Rivas,87634133-6,hombre,25,repartidor
315,Finnley Orr,22169359-0,hombre,21,repartidor
603,Claudia Avery,44626695-0,hombre,29,repartidor
496,Imran Senior,30991735-9,mujer,25,repartidor
715,Ramone Guzman,40236352-5,mujer,27,repartidor
426,Sienna Weaver,37839960-2,hombre,49,administrativo
760,Haidar Moreno,91346186-k,hombre,24,repartidor
97,Marianna Barry,61786224-7,hombre,21,repartidor
416,Elliott Irwin,13890944-1,hombre,37,repartidor
561,Linzi Wong,14200344-9,mujer,29,repartidor
645,Manisha Stephens,65485230-8,mujer,28,repartidor
172,Arla Hinton,10619372-k,mujer,21,repartidor
354,Lulu Sexton,21330792-4,hombre,36,repartidor
304,Kerri Herbert,11453035-2,mujer,20,repartidor
581,Louie Swan,95367461-0,hombre,27,repartidor
584,Toby Petty,84593882-2,hombre,35,repartidor
79,Yisroel O'Neill,69265725-k,mujer,19,repartidor
791,Rebecca Sheehan,49552236-9,hombre,29,repartidor
4,Ollie Morrow,20180335-7,hombre,27,repartidor
55,Dillon Reeves,83917354-7,mujer,34,repartidor
487,Ivan Allison,57829633-6,hombre,23,repartidor
214,Milly Olson,48176712-1,mujer,25,repartidor
542,Abdur-Rahman O'Reilly,49159506-k,mujer,22,repartidor
39,Caitlyn Mckenzie,76160177-6,mujer,25,repartidor
324,Isabella-Rose Patrick,70841109-4,hombre,25,repartidor
800,Ariadne Hibbert,35155157-7,mujer,23,repartidor
181,Carys Conrad,78479752-k,hombre,31,repartidor
475,Matias Strickland,88408240-4,hombre,23,repartidor
820,Ace Stephenson,57181678-4,mujer,25,repartidor
543,Joan Alvarado,21878618-9,hombre,26,repartidor
469,Shane Kelly,34823992-9,mujer,43,administrativo
612,Diego Castillo,76081261-7,hombre,34,repartidor
241,Naima Perez,89265324-0,hombre,40,administrativo
189,Oliver Fitzpatrick,80282829-2,hombre,25,repartidor
363,Hughie Storey,20600805-9,hombre,25,repartidor
243,Thalia Scott,21823347-3,mujer,27,repartidor
582,Freddie Byrne,20209505-4,mujer,25,repartidor
0,Corban Stacey,15286948-7,hombre,31,repartidor
55,Dillon Reeves,83917354-7,mujer,34,repartidor
401,Sheila Gilmore,57931953-4,hombre,51,administrativo
567,Theodore Wilkes,11341475-8,hombre,28,repartidor
258,Tanisha Allen,89861491-3,mujer,31,repartidor
809,Luca Foley,71316667-7,mujer,35,repartidor
582,Freddie Byrne,20209505-4,mujer,25,repartidor
149,Courtney O'Sullivan,53171533-0,mujer,38,repartidor
267,Uzma Burris,61774912-2,mujer,28,repartidor
227,Freya Gross,53609901-8,hombre,24,repartidor
577,Ariyah Mckeown,91995839-1,hombre,21,repartidor
753,Asha Guthrie,92390198-1,hombre,37,repartidor
666,Fenella Schaefer,26240285-1,hombre,33,administrativo
228,Elspeth Rice,63974341-1,mujer,36,repartidor
199,Adam Grant,52247620-k,mujer,34,repartidor
818,Siyana Ballard,95423202-6,hombre,23,repartidor
150,Rebeca Park,32628385-1,hombre,41,administrativo
222,Ellenor Lara,11544489-1,mujer,35,repartidor
123,Nel Carson,63421928-5,hombre,39,repartidor
796,Aryan Hastings,82533150-6,hombre,25,administrativo
486,Isabell Hogan,96735305-1,hombre,27,repartidor
472,Liyah Cooper,93176945-6,hombre,26,repartidor
760,Haidar Moreno,91346186-k,hombre,24,repartidor
367,Presley Mcgowan,42354523-2,hombre,28,repartidor
370,Kailum Caldwell,81560843-7,mujer,52,administrativo
73,Alexandria Garrison,47377094-6,hombre,30,repartidor
103,Petra Sharp,78156640-3,hombre,24,repartidor
278,Alexis Kearney,30364676-0,hombre,22,administrativo
161,Hailie Kirkpatrick,45589350-k,mujer,34,repartidor
797,Hashir Hendricks,38100857-6,mujer,29,repartidor
386,Jacques Carter,75910499-4,mujer,41,administrativo
441,Fahad Travers,56474633-9,hombre,24,repartidor
359,Nina Holding,17159919-9,mujer,36,administrativo
819,Musa Myers,18984900-1,hombre,27,administrativo
711,Hudson Emerson,54746197-5,mujer,38,repartidor
333,Maddox Moon,66169613-3,hombre,35,repartidor
798,Yash Wallace,69691126-6,mujer,19,repartidor
495,Fatima Traynor,60139069-8,mujer,36,repartidor
28,Gabija Norton,12460058-8,hombre,19,repartidor
228,Elspeth Rice,63974341-1,mujer,23,repartidor
397,Margo Stuart,21875469-4,mujer,37,repartidor
119,Tierney Mackay,79344858-9,hombre,20,repartidor
505,Ruby-Leigh Stevenson,75328775-2,hombre,38,repartidor
179,Suhayb Frame,41740767-7,mujer,27,repartidor
494,Pia Short,14309109-0,hombre,52,administrativo
803,Gaia Pearson,23686910-5,mujer,28,repartidor
123,Nel Carson,63421928-5,hombre,39,repartidor
642,Louie Harwood,36750587-7,mujer,19,repartidor
141,Nicky O'Brien,15460166-k,mujer,20,repartidor
66,Ethel Colon,65855526-k,hombre,50,administrativo
217,Steven Hills,20034783-8,mujer,37,repartidor
275,Ritchie Rose,50022661-7,hombre,35,repartidor
306,Trey Evans,82903113-2,hombre,38,repartidor
222,Ellenor Lara,11544489-1,mujer,35,repartidor
682,Carolina Gomez,35414863-3,hombre,28,repartidor
639,Caitlan Whitehouse,50728559-7,mujer,34,repartidor
399,Bree Cleveland,37608219-9,mujer,30,repartidor
680,Kwabena Stone,74415365-4,mujer,19,repartidor
465,Lance Weber,26249833-6,mujer,26,repartidor
23,Nyah Croft,68035652-1,mujer,26,repartidor
628,Jaiden Sampson,89477804-0,mujer,28,repartidor
8,Alesha Roth,80885102-4,hombre,19,repartidor
354,Lulu Sexton,21330792-4,hombre,36,repartidor
442,Samiya Hardin,84911278-3,mujer,30,repartidor
256,Yahya York,41091494-8,hombre,21,administrativo
804,Ruth Steadman,93129166-1,mujer,28,repartidor
550,Bella-Rose Rivers,47591540-2,mujer,28,repartidor
591,Mayson Nicholson,26541300-5,hombre,23,repartidor
816,Harry Hood,42868972-0,mujer,26,repartidor
217,Steven Hills,20034783-8,mujer,37,repartidor
395,Johnny Perry,64269343-3,mujer,40,repartidor
13,Wyatt Stephens,61662429-6,mujer,33,administrativo
143,Casper Pruitt,11554909-k,mujer,47,administrativo
414,Omari Fuller,48459253-5,hombre,23,repartidor
224,Donna Montes,75903526-7,mujer,27,repartidor
700,Mohamed Mcclain,13863556-2,hombre,19,repartidor
590,Leanne Weeks,31359212-k,hombre,30,repartidor
146,Marcelina Lowery,71075215-k,hombre,30,repartidor
176,Danica Hutchings,48433213-4,mujer,23,administrativo
219,Taine Ireland,97675067-5,mujer,34,repartidor
530,Ayaan Bass,59105378-7,hombre,23,repartidor
350,Oran Valdez,21672114-4,hombre,21,repartidor
608,Musab Valencia,80308047-k,hombre,30,repartidor
358,Mahnoor Legge,96828461-4,hombre,31,repartidor
154,Cadi Stokes,79758989-6,hombre,20,repartidor
6,Aadam Dunlop,66540267-3,hombre,33,repartidor
574,Ivy-Rose Mcclure,41659296-9,mujer,25,repartidor
228,Elspeth Rice,63974341-1,mujer,36,repartidor
112,Teddy Henderson,11091024-k,hombre,51,administrativo
29,Alexandra Naylor,85594953-9,mujer,19,repartidor
432,Elle Lindsay,97404549-4,hombre,38,repartidor
731,Nico Lim,87282538-k,hombre,26,repartidor
140,Talia Ellwood,41704207-5,mujer,26,repartidor
137,Judith Stott,89025372-5,mujer,22,repartidor
546,Cecelia Bender,29877385-6,hombre,25,repartidor
508,Isla-Mae Calhoun,99184175-k,mujer,27,repartidor
701,Lennox Mcculloch,29637564-0,mujer,20,repartidor
248,Scarlett Cassidy,33911863-9,hombre,26,repartidor
554,Samuel Sheridan,82270937-0,hombre,24,repartidor
51,Samirah O'Brien,76356563-7,mujer,38,repartidor
282,Alister Hills,45400053-6,hombre,20,repartidor
43,Adela Cordova,85394005-4,hombre,21,repartidor
467,Cally Hopper,38578737-5,mujer,30,repartidor
548,Rhonda Carney,81403585-9,mujer,20,repartidor
390,Collette Munro,72429091-4,mujer,19,repartidor
493,Aubree Marsden,71796805-0,mujer,31,repartidor
253,Rupert Ahmed,22027409-8,hombre,37,repartidor
756,Harvey-Lee Burch,78301240-5,mujer,24,repartidor
145,Ignacy Leblanc,46962859-0,hombre,34,repartidor
142,Jamie-Lee Cook,96863860-2,hombre,35,repartidor
750,Jorgie Rowland,81428035-7,mujer,44,administrativo
263,Santino Robson,54475883-7,mujer,23,administrativo
787,Sabrina Gillespie,27626683-7,hombre,25,repartidor
394,Dalia Jefferson,10619776-8,mujer,23,repartidor
188,Chase Horner,30680313-1,hombre,23,repartidor
683,Piotr Glenn,81881771-1,mujer,31,repartidor
564,Sneha Hagan,90601826-8,mujer,19,repartidor
630,Emelia Roche,66295586-8,hombre,34,repartidor
595,Priya Oneil,96213582-k,mujer,37,repartidor
475,Matias Strickland,88408240-4,hombre,29,repartidor
376,Rianne Coleman,87548946-1,mujer,36,repartidor
446,Lucy Dunlap,41545483-k,hombre,36,repartidor
236,Maxime Haigh,49718772-9,mujer,22,repartidor
604,Yousef Rutledge,74748755-3,mujer,34,administrativo
32,Jonny Cortes,24945173-8,mujer,25,repartidor
174,Subhaan Corbett,93009498-6,hombre,20,repartidor
609,Thierry Hurley,82254885-7,mujer,21,repartidor
233,Brandi Conroy,63936216-7,mujer,19,repartidor
302,Rayan Mccray,34603233-2,hombre,27,repartidor
506,Theia Parkes,74361473-9,mujer,20,repartidor
441,Fahad Travers,56474633-9,hombre,24,repartidor
324,Isabella-Rose Patrick,70841109-4,hombre,29,repartidor
723,Belinda Chamberlain,76762441-7,hombre,25,repartidor
633,Isobel Dudley,99108730-3,hombre,28,repartidor
809,Luca Foley,71316667-7,mujer,35,repartidor
802,Kymani Rahman,95711978-6,hombre,29,repartidor
248,Scarlett Cassidy,33911863-9,hombre,23,repartidor
802,Kymani Rahman,95711978-6,hombre,29,repartidor
314,Bryony Henry,68155764-4,hombre,27,repartidor
602,Forrest Salt,98152080-7,mujer,39,repartidor
699,Elle-May Iles,96251410-3,hombre,36,repartidor
369,Iris Fowler,69167855-5,mujer,21,repartidor
124,Zayne Crane,31459690-0,hombre,29,repartidor
100,Campbell Vazquez,89200986-4,hombre,36,repartidor
89,Grace O'Moore,70851011-4,mujer,39,repartidor
678,Toby Day,69186141-4,mujer,28,repartidor
104,Olivia-Mae Carey,69760987-3,mujer,24,repartidor
340,Aleena Maguire,93433032-3,mujer,32,repartidor
459,Taiba Richmond,49628420-8,mujer,23,repartidor
389,Samad Neville,54122700-8,mujer,37,repartidor
153,Faiz Edmonds,25750021-7,hombre,21,repartidor
183,Reyansh Mccormick,86367440-9,mujer,29,repartidor
483,Ahsan Flynn,71389826-0,hombre,26,repartidor
654,Zunairah Mcgee,53087333-1,mujer,24,repartidor
599,Kayleigh Finley,87244280-4,hombre,34,repartidor
196,Rafael Cisneros,41226633-1,hombre,34,repartidor
689,Keagan Hope,91957637-5,hombre,33,repartidor
667,Yasmin Barr,25609460-6,mujer,22,repartidor
491,Zakariyah Williamson,60038263-2,mujer,24,administrativo
368,Alister Hartman,91461351-5,mujer,28,repartidor
93,Tiffany May,53747213-8,mujer,23,repartidor
485,Denise Daniel,53281073-6,mujer,19,repartidor
476,Georgiana Yu,68225683-4,hombre,26,repartidor
464,Codie Galloway,27183294-k,hombre,19,repartidor
437,Jannat O'Moore,83635222-k,hombre,26,repartidor
453,Artur Stokes,54245196-3,mujer,30,administrativo
48,Manav Hampton,60211995-5,hombre,34,administrativo
275,Ritchie Rose,50022661-7,hombre,35,repartidor
539,Patryk Enriquez,54121962-5,hombre,30,repartidor
678,Toby Day,69186141-4,mujer,28,repartidor
224,Donna Montes,75903526-7,mujer,27,repartidor
254,Kelly Keenan,56944351-2,hombre,32,repartidor
300,Humairaa Knights,70368495-5,mujer,39,repartidor
523,Millie Nava,96217495-7,hombre,20,repartidor
193,Sienna Neale,58303600-8,hombre,22,administrativo
559,Kaiya Huerta,87371798-k,mujer,31,repartidor
555,Deen Smyth,80438756-0,hombre,24,repartidor
63,Annabelle Stephens,33090056-3,hombre,35,repartidor
753,Asha Guthrie,92390198-1,hombre,37,repartidor
421,Carley Dixon,91888493-9,mujer,23,repartidor
504,Bjorn Salazar,97754557-9,mujer,35,administrativo
524,Tom Palacios,18454632-9,hombre,21,repartidor
657,Lilly-Grace Horn,42113348-4,mujer,31,repartidor
559,Kaiya Huerta,87371798-k,mujer,31,repartidor
327,Darsh Macias,36692442-6,mujer,20,repartidor
787,Sabrina Gillespie,27626683-7,hombre,25,repartidor
509,Rodney Woodcock,12205074-2,hombre,31,repartidor
438,Aanya Foster,95759065-9,hombre,31,administrativo
558,Shanaya Hewitt,45644100-9,mujer,50,administrativo
8,Alesha Roth,80885102-4,hombre,25,repartidor
584,Toby Petty,84593882-2,hombre,35,repartidor
14,Dulcie Kearns,92931585-5,hombre,26,repartidor
148,Rhianna Gilliam,93207016-2,hombre,24,repartidor
742,Annaliese Mckinney,69767927-8,hombre,39,repartidor
692,Pierce Mora,29557986-2,mujer,26,repartidor
791,Rebecca Sheehan,49552236-9,hombre,29,repartidor
680,Kwabena Stone,74415365-4,mujer,19,repartidor
346,Edmund Whelan,57792927-0,mujer,25,repartidor
50,Laith Paul,74357811-2,mujer,49,administrativo
430,Alanis Clark,73833231-8,mujer,26,repartidor
250,David Beach,43173481-8,mujer,28,repartidor
12,Rahul Horne,95435510-1,mujer,28,repartidor
383,Nichole Savage,16315937-6,hombre,23,repartidor
682,Carolina Gomez,35414863-3,hombre,28,repartidor
275,Ritchie Rose,50022661-7,hombre,35,repartidor
576,Alfie-Lee Pruitt,61127746-6,mujer,24,repartidor
214,Milly Olson,48176712-1,mujer,25,repartidor
455,Marnie Macfarlane,31194216-6,mujer,19,repartidor
718,Kit Adams,70638696-3,mujer,23,repartidor
276,Cooper Draper,24796080-5,hombre,21,repartidor
396,Gina Cortes,77366538-9,mujer,32,repartidor
802,Kymani Rahman,95711978-6,hombre,29,repartidor
332,Callan Lowe,56093204-9,mujer,26,repartidor
152,Makayla Crowther,25368817-3,mujer,20,administrativo
686,Huw Lewis,79348268-k,hombre,37,repartidor
628,Jaiden Sampson,89477804-0,mujer,28,repartidor
164,Owain Rollins,28738037-2,hombre,46,administrativo
7,Jareth Castillo,45631604-2,mujer,52,administrativo
205,Ilyas Puckett,34012878-8,mujer,26,repartidor
19,Clay Huynh,54106148-7,mujer,18,administrativo
820,Ace Stephenson,57181678-4,mujer,25,repartidor
658,Hayden Turnbull,56930255-2,hombre,21,repartidor
95,Kelise Fraser,73543707-0,mujer,19,repartidor
40,Romilly Heath,38317707-3,hombre,22,repartidor
380,Gavin Jeffery,37742604-5,mujer,23,repartidor
527,April Peters,81168161-k,hombre,50,administrativo
120,Corrie Kirkpatrick,84729190-7,hombre,29,repartidor
327,Darsh Macias,36692442-6,mujer,20,repartidor
255,Gage Stafford,11798235-1,hombre,59,administrativo
378,Eleanor Charlton,28353821-4,hombre,34,repartidor
108,Stanley Soto,58748811-6,mujer,26,administrativo
712,Raheel Bonilla,25399600-5,mujer,19,repartidor
699,Elle-May Iles,96251410-3,hombre,21,repartidor
653,Geraint Shaw,59854747-5,mujer,37,repartidor
435,Anis Cohen,37376941-k,hombre,38,repartidor
245,Andrew Santos,26100581-6,hombre,19,repartidor
430,Alanis Clark,73833231-8,mujer,26,repartidor
661,Becky Strickland,49641463-2,hombre,30,repartidor
635,Shane Best,39043389-1,hombre,36,repartidor
814,Billy-Joe Ward,12177977-3,hombre,20,repartidor
523,Millie Nava,96217495-7,hombre,20,repartidor
823,Nevaeh Gill,88667817-7,mujer,30,repartidor
187,Kathryn Whiteley,15373219-1,mujer,32,repartidor
399,Bree Cleveland,37608219-9,mujer,30,repartidor
537,Denzel Herrera,95514882-7,hombre,29,repartidor
563,Florence Lucero,66866166-1,hombre,23,repartidor
814,Billy-Joe Ward,12177977-3,hombre,20,repartidor
536,Dionne Dowling,17167867-6,hombre,20,repartidor
411,Carter Richards,94864113-5,hombre,30,repartidor
63,Annabelle Stephens,33090056-3,hombre,35,repartidor
733,Gino Alston,63196577-6,hombre,37,repartidor
433,Brandon Rodrigues,46033111-0,mujer,55,administrativo
276,Cooper Draper,24796080-5,hombre,21,repartidor
620,Tj Moran,88495383-9,mujer,24,repartidor
777,Waleed Aguirre,63968995-6,hombre,30,repartidor
794,Ella-Mai Butt,41775238-2,mujer,36,repartidor
258,Tanisha Allen,89861491-3,mujer,31,repartidor
72,Anne Bray,34966889-0,mujer,27,repartidor
289,Lois Charlton,58366562-5,mujer,29,repartidor
736,Hettie Samuels,37204390-3,hombre,30,repartidor
756,Harvey-Lee Burch,78301240-5,mujer,24,repartidor
338,Mysha Firth,77354291-0,hombre,22,administrativo
331,Cerys Clarkson,86083776-5,hombre,34,repartidor
347,Carrie-Ann Dickson,19142189-2,mujer,20,repartidor
445,Maisey Alexander,76396643-7,hombre,19,repartidor
447,Nathaniel Mcgill,54593722-0,hombre,54,administrativo
760,Haidar Moreno,91346186-k,hombre,24,repartidor
407,Sherri Kearns,38470405-0,mujer,22,repartidor
556,Petra Rigby,73561428-2,hombre,36,repartidor
137,Judith Stott,89025372-5,mujer,22,repartidor
445,Maisey Alexander,76396643-7,hombre,19,repartidor
624,Jasleen Parker,58332136-5,hombre,40,repartidor
378,Eleanor Charlton,28353821-4,hombre,34,repartidor
700,Mohamed Mcclain,13863556-2,hombre,19,repartidor
597,Keaton Mccall,54480341-7,hombre,50,administrativo
73,Alexandria Garrison,47377094-6,hombre,20,repartidor
718,Kit Adams,70638696-3,mujer,23,repartidor
560,Maiya Tierney,43654491-k,hombre,25,repartidor
18,Jaidon Gay,84964932-9,mujer,36,repartidor
253,Rupert Ahmed,22027409-8,hombre,37,repartidor
156,Jasper Hicks,53038300-8,mujer,19,repartidor
59,Macauley Davison,63459997-5,mujer,32,repartidor
478,Lucien Watkins,22760013-6,mujer,21,repartidor
463,Haleemah Baxter,14408869-7,mujer,25,repartidor
395,Johnny Perry,64269343-3,mujer,24,repartidor
630,Emelia Roche,66295586-8,hombre,34,repartidor
595,Priya Oneil,96213582-k,mujer,28,repartidor
586,Kirstin Fry,21630671-6,mujer,23,repartidor
763,Khadija Dalby,32153494-5,mujer,19,repartidor
204,Daria Ellison,63483183-5,hombre,49,administrativo
519,Connor Weir,62422623-2,hombre,30,repartidor
235,Aria Massey,66478458-0,mujer,26,repartidor
36,Uma Morales,77020926-9,mujer,19,repartidor
582,Freddie Byrne,20209505-4,mujer,25,repartidor
703,Aleksander Patton,29009046-6,hombre,39,repartidor
71,Oliwia Livingston,33572631-6,mujer,27,repartidor
501,Chelsy Whitley,67170407-k,mujer,27,administrativo
824,Rahul Finley,50814284-6,hombre,36,administrativo
116,Riccardo Hamilton,80588097-k,mujer,19,repartidor
314,Bryony Henry,68155764-4,hombre,27,repartidor
443,Jake Hatfield,64501886-9,hombre,19,administrativo
706,Emile Lopez,70019535-k,hombre,23,repartidor
707,Lisa-Marie Grimes,19386119-9,hombre,20,repartidor
65,Quinn Munro,60574488-5,mujer,29,repartidor
593,Olivia-Rose Fuentes,22249624-1,hombre,20,repartidor
813,Aiden Arnold,36304600-2,hombre,37,repartidor
254,Kelly Keenan,56944351-2,hombre,32,repartidor
273,Dania Love,16836029-0,hombre,24,repartidor
744,Sonnie Pugh,34039148-9,mujer,35,repartidor
57,Sabah Skinner,74895468-6,hombre,46,administrativo
343,Bridie Stanley,15369176-2,hombre,51,administrativo
146,Marcelina Lowery,71075215-k,hombre,30,repartidor
63,Annabelle Stephens,33090056-3,hombre,35,repartidor
274,Abbi Millington,68903163-3,hombre,27,repartidor
388,Sylvia Mcfarland,50536630-1,hombre,27,repartidor
363,Hughie Storey,20600805-9,hombre,25,repartidor
528,Akash Kendall,19533896-5,hombre,35,administrativo
520,Ainsley Read,67629255-1,mujer,26,repartidor
720,Ricardo Devine,66976509-6,mujer,24,repartidor
336,Fred Sharples,54451953-0,mujer,19,repartidor
745,Lola-Mae Whittaker,93591226-1,hombre,27,repartidor
272,Libbie Camacho,87859472-k,mujer,59,administrativo
282,Alister Hills,45400053-6,hombre,20,repartidor
654,Zunairah Mcgee,53087333-1,mujer,24,repartidor
466,Cai Mcneil,35115737-2,mujer,22,repartidor
238,Arslan Horton,13690129-k,hombre,39,repartidor
693,Jonah Murphy,53331281-0,hombre,21,repartidor
133,Adrian Fitzgerald,59444986-k,hombre,31,repartidor
778,Dev Adamson,75269880-5,mujer,28,repartidor
99,Nathanael Carlson,70733075-9,hombre,24,repartidor
376,Rianne Coleman,87548946-1,mujer,28,repartidor
296,Shelby Holder,33802463-0,mujer,29,repartidor
168,Christie Zavala,44604413-3,mujer,29,repartidor
381,Kiera Mccallum,71518049-9,hombre,30,repartidor
637,Kristen Gallegos,52778909-5,hombre,59,administrativo
767,Isabell Goodwin,84327091-3,hombre,40,administrativo
145,Ignacy Leblanc,46962859-0,hombre,25,repartidor
30,Francis Luna,35776394-0,mujer,46,administrativo
605,Alicja Magana,56744324-8,mujer,30,repartidor
652,Lori Forrest,69822376-6,hombre,29,repartidor
495,Fatima Traynor,60139069-8,mujer,36,repartidor
145,Ignacy Leblanc,46962859-0,hombre,34,repartidor
649,Eleni Hansen,34349789-k,hombre,33,administrativo
362,Nakita Kelly,60031280-4,mujer,36,repartidor
634,Cora Camacho,70551235-3,mujer,23,repartidor
543,Joan Alvarado,21878618-9,hombre,26,repartidor
40,Romilly Heath,38317707-3,hombre,26,repartidor
488,Melissa Ashley,29803983-4,hombre,30,repartidor
185,Ihsan Kelley,51093069-k,hombre,30,repartidor
349,Reiss Lutz,19410523-1,hombre,29,administrativo
645,Manisha Stephens,65485230-8,mujer,20,repartidor
733,Gino Alston,63196577-6,hombre,37,repartidor
755,Mandeep Vazquez,56197957-k,hombre,20,administrativo
230,Bernard Wells,12815044-7,hombre,30,repartidor
598,Esme-Rose Wicks,41325900-2,hombre,29,repartidor
417,Madeleine Stokes,82993651-8,mujer,32,administrativo
518,Avneet Pennington,37925650-3,mujer,27,repartidor
724,Jax Hester,54676049-9,hombre,24,administrativo
615,Kajus Garrison,93285177-6,mujer,34,repartidor
184,Shahzaib Bellamy,44749202-4,mujer,31,repartidor
25,Katie Yoder,57078757-8,hombre,34,repartidor
537,Denzel Herrera,95514882-7,hombre,29,repartidor
790,Robyn Hyde,14495790-3,hombre,26,repartidor
20,Alisa Carpenter,56781936-1,hombre,39,repartidor
342,Adrienne Lamb,26475026-1,mujer,20,repartidor
97,Marianna Barry,61786224-7,hombre,19,repartidor
328,Alexandra Barrera,82429778-9,hombre,22,repartidor
585,Mariah Wyatt,58038177-4,hombre,27,administrativo
97,Marianna Barry,61786224-7,hombre,21,repartidor
710,Vincenzo Preece,45026733-3,mujer,39,repartidor
307,Aran Osborn,85778387-5,mujer,57,administrativo
289,Lois Charlton,58366562-5,mujer,29,repartidor
101,Fariha Barnard,71962392-1,hombre,20,repartidor
518,Avneet Pennington,37925650-3,mujer,27,repartidor
624,Jasleen Parker,58332136-5,hombre,40,repartidor
578,Raife Cassidy,41234355-7,hombre,29,repartidor
593,Olivia-Rose Fuentes,22249624-1,hombre,26,repartidor
304,Kerri Herbert,11453035-2,mujer,20,repartidor
725,Glenn Curry,67216197-5,mujer,27,repartidor
655,Xander Simmonds,91258242-6,hombre,30,repartidor
477,Amritpal Whyte,29295221-k,mujer,22,repartidor
424,Karter Swan,48996426-0,hombre,37,repartidor
754,Hamaad Barajas,17611254-9,hombre,50,administrativo
625,Darryl Carlson,28673876-1,hombre,27,repartidor
742,Annaliese Mckinney,69767927-8,hombre,39,repartidor
770,Lemar Cullen,14585428-8,hombre,28,administrativo
211,Conrad Buchanan,85122660-5,mujer,36,administrativo
639,Caitlan Whitehouse,50728559-7,mujer,34,repartidor
518,Avneet Pennington,37925650-3,mujer,27,repartidor
511,Patience Waters,88283175-2,hombre,30,repartidor
304,Kerri Herbert,11453035-2,mujer,20,repartidor
410,Clodagh Greenaway,80508950-4,mujer,26,repartidor
49,Vijay Palacios,51667797-k,mujer,20,repartidor
614,Deanne Villarreal,67753422-2,mujer,40,repartidor
442,Samiya Hardin,84911278-3,mujer,37,repartidor
372,Julien Sloan,35656775-7,mujer,20,repartidor
423,Reya Bruce,53383454-k,mujer,29,repartidor
279,Arnav Shannon,82376572-k,hombre,54,administrativo
206,Raees Livingston,62425949-1,mujer,26,repartidor
606,Arthur Lara,58191750-3,mujer,28,repartidor
41,Jordi Thorne,59089616-0,mujer,57,administrativo
665,Irfan Britton,52158784-9,hombre,39,repartidor
646,Sylvia Faulkner,63953205-4,mujer,21,repartidor
412,Robyn Riddle,36432728-5,mujer,39,repartidor
502,Alfie-James Moyer,74500563-2,hombre,36,repartidor
404,Lacey Thatcher,59495529-3,hombre,38,repartidor
52,Charlie Rahman,99837067-1,mujer,22,repartidor
103,Petra Sharp,78156640-3,hombre,24,repartidor
752,Samir Daugherty,96371883-7,mujer,33,administrativo
203,Nakita Meza,33466037-0,mujer,52,administrativo
298,Josie Ibarra,75295314-7,mujer,26,repartidor
513,Ralphy Phan,94362008-3,hombre,29,repartidor
492,Nayla Bates,72611524-9,mujer,55,administrativo
511,Patience Waters,88283175-2,hombre,30,repartidor
363,Hughie Storey,20600805-9,hombre,22,repartidor
455,Marnie Macfarlane,31194216-6,mujer,19,repartidor
707,Lisa-Marie Grimes,19386119-9,hombre,28,repartidor
257,Tyreece Cohen,69777560-9,hombre,35,repartidor
632,Dominik Wynn,57639262-1,mujer,38,repartidor
573,Fahad Diaz,26849996-2,hombre,39,repartidor
311,Jevan Martins,22937366-8,mujer,25,repartidor
619,Ruby-May Espinosa,44290962-8,hombre,35,repartidor
284,Trystan Wall,50321392-3,mujer,35,repartidor
462,Reanne Cooke,32219010-7,mujer,21,repartidor
771,Maariya Enriquez,25450277-4,hombre,30,administrativo
512,Miruna Friedman,35773199-2,hombre,24,repartidor
567,Theodore Wilkes,11341475-8,hombre,38,repartidor
699,Elle-May Iles,96251410-3,hombre,36,repartidor
107,Mcauley Robles,34352032-8,mujer,48,administrativo
287,Izaan Byrd,89077953-0,mujer,30,repartidor
37,Shamima Wormald,21924647-1,mujer,24,repartidor
281,Zayaan Paterson,12673702-5,mujer,28,repartidor
498,Montgomery Cornish,13370165-6,hombre,19,administrativo
158,Amanpreet Mata,81955785-3,hombre,39,repartidor
227,Freya Gross,53609901-8,hombre,24,repartidor
194,Korben Hurley,64651214-k,hombre,21,repartidor
32,Jonny Cortes,24945173-8,mujer,25,repartidor
654,Zunairah Mcgee,53087333-1,mujer,24,repartidor
624,Jasleen Parker,58332136-5,hombre,40,repartidor
117,Tyrique Healy,29989393-6,mujer,22,administrativo
201,Rehaan Dunlop,70116705-8,mujer,25,administrativo
126,Adnaan Rowley,34183638-7,hombre,26,repartidor
106,Ira Houston,95777850-k,mujer,26,repartidor
643,Kaleem Hill,60727093-7,hombre,24,repartidor
702,Ajwa Daly,87624695-3,mujer,20,repartidor
640,Emillie Frye,98661210-6,hombre,22,repartidor
342,Adrienne Lamb,26475026-1,mujer,28,repartidor
298,Josie Ibarra,75295314-7,mujer,26,repartidor
109,Geoffrey Ellis,96213302-9,hombre,20,repartidor
369,Iris Fowler,69167855-5,mujer,28,repartidor
513,Ralphy Phan,94362008-3,hombre,29,repartidor
429,Amanah Mckay,93635199-9,hombre,28,repartidor
128,Arham Johnson,58496906-7,hombre,20,repartidor
562,Amelia-Mae Malone,87094740-2,hombre,30,repartidor
254,Kelly Keenan,56944351-2,hombre,32,repartidor
505,Ruby-Leigh Stevenson,75328775-2,hombre,20,repartidor
542,Abdur-Rahman O'Reilly,49159506-k,mujer,40,repartidor
345,Enid Flower,77785207-8,hombre,31,repartidor
132,Kohen Tait,87772349-6,hombre,31,repartidor
104,Olivia-Mae Carey,69760987-3,mujer,24,repartidor
42,Malaki Wiggins,94123958-7,hombre,22,repartidor
716,Prisha Spencer,54726514-9,hombre,35,repartidor
243,Thalia Scott,21823347-3,mujer,27,repartidor
526,Ziva Langley,75129314-3,hombre,39,repartidor
60,Reginald Tanner,45717384-9,mujer,36,administrativo
664,Milly Rudd,83469143-4,mujer,35,repartidor
375,Justine Wood,22001298-0,mujer,31,repartidor
582,Freddie Byrne,20209505-4,mujer,25,repartidor
673,Homer Jacobson,37797879-k,mujer,21,repartidor
187,Kathryn Whiteley,15373219-1,mujer,32,repartidor
331,Cerys Clarkson,86083776-5,hombre,34,repartidor
580,Amari Stubbs,88726486-4,hombre,24,administrativo
303,Kory Hays,17286061-3,mujer,29,administrativo
477,Amritpal Whyte,29295221-k,mujer,22,repartidor
511,Patience Waters,88283175-2,hombre,30,repartidor
342,Adrienne Lamb,26475026-1,mujer,20,repartidor
262,Dante Nava,88732812-9,mujer,20,repartidor
308,Arfa Crouch,88104231-2,mujer,54,administrativo
316,Cayson Branch,22913410-8,mujer,23,repartidor
305,Ranveer Cope,58963604-k,mujer,23,administrativo
265,Albert Irvine,62036438-k,hombre,22,repartidor
578,Raife Cassidy,41234355-7,hombre,28,repartidor
156,Jasper Hicks,53038300-8,mujer,24,repartidor
459,Taiba Richmond,49628420-8,mujer,23,repartidor
273,Dania Love,16836029-0,hombre,24,repartidor
783,Jobe Reyes,79725852-0,hombre,20,repartidor
573,Fahad Diaz,26849996-2,hombre,39,repartidor
517,Lilly-Grace Tucker,99223381-8,hombre,21,repartidor
384,Ellie-Mai Hutton,14885951-5,mujer,26,repartidor
267,Uzma Burris,61774912-2,mujer,28,repartidor
450,Dylan Nicholls,92951996-5,hombre,41,administrativo
240,Caius Ball,57133149-7,mujer,22,repartidor
602,Forrest Salt,98152080-7,mujer,39,repartidor
490,Anisha Brady,20694588-5,mujer,39,repartidor
335,Jardel Keith,40597717-6,hombre,19,repartidor
479,Carter Plummer,27003910-3,hombre,25,repartidor
398,Gracie-May Patton,14002078-8,hombre,28,repartidor
658,Hayden Turnbull,56930255-2,hombre,30,repartidor
483,Ahsan Flynn,71389826-0,hombre,28,repartidor
392,Theo Davenport,32750103-8,hombre,39,repartidor
774,Mea Dorsey,95199785-4,hombre,37,administrativo
381,Kiera Mccallum,71518049-9,hombre,37,repartidor
602,Forrest Salt,98152080-7,mujer,39,repartidor
11,Toni Morris,79029236-7,hombre,25,repartidor
573,Fahad Diaz,26849996-2,hombre,39,repartidor
614,Deanne Villarreal,67753422-2,mujer,40,repartidor
169,Annaliese Rosa,48161908-4,hombre,25,repartidor
14,Dulcie Kearns,92931585-5,hombre,26,repartidor
662,Leigha Chavez,58812264-6,hombre,36,administrativo
731,Nico Lim,87282538-k,hombre,24,repartidor
313,Caspian Potts,22412109-1,hombre,23,repartidor
673,Homer Jacobson,37797879-k,mujer,22,repartidor
95,Kelise Fraser,73543707-0,mujer,19,repartidor
715,Ramone Guzman,40236352-5,mujer,22,repartidor
173,Sophia Ryan,34846808-1,hombre,28,repartidor
516,Sallie Wolf,85831418-6,mujer,34,repartidor
780,Annabelle Mullins,11123767-0,hombre,25,repartidor
423,Reya Bruce,53383454-k,mujer,29,repartidor
172,Arla Hinton,10619372-k,mujer,29,repartidor
194,Korben Hurley,64651214-k,hombre,21,repartidor
696,Chandni Stanton,11904025-6,mujer,50,administrativo
737,Cari Welch,48592540-6,mujer,22,repartidor
497,Jose Farrell,80640357-1,hombre,34,repartidor
216,Danyl Boyer,62196038-5,mujer,29,repartidor
615,Kajus Garrison,93285177-6,mujer,34,repartidor
808,Haider Hines,24927693-6,hombre,19,administrativo
384,Ellie-Mai Hutton,14885951-5,mujer,26,repartidor
428,Ava-Mai Spooner,15451762-6,mujer,40,administrativo
12,Rahul Horne,95435510-1,mujer,20,repartidor
220,Bella-Rose Cox,69251591-9,mujer,19,repartidor
575,Ricardo Amin,43538788-8,mujer,26,repartidor
484,Jesus Small,90007582-0,hombre,25,repartidor
191,Naeem Sharpe,72157153-k,hombre,29,repartidor
553,Bridie Currie,63214464-4,mujer,35,repartidor
618,Quentin Jacobs,66658505-4,hombre,22,repartidor
690,Tudor Proctor,76362168-5,mujer,36,repartidor
768,Tiffany Cantu,66714421-3,hombre,26,repartidor
768,Tiffany Cantu,66714421-3,hombre,26,repartidor
483,Ahsan Flynn,71389826-0,hombre,28,repartidor
158,Amanpreet Mata,81955785-3,hombre,39,repartidor
89,Grace O'Moore,70851011-4,mujer,39,repartidor
406,Teodor Lim,65731455-2,hombre,31,administrativo
122,Darragh Foreman,44770429-3,mujer,21,repartidor
747,Asmaa Allman,58648727-2,hombre,44,administrativo
324,Isabella-Rose Patrick,70841109-4,hombre,22,repartidor
103,Petra Sharp,78156640-3,hombre,24,repartidor
221,Lillia Hartman,45385992-4,mujer,24,repartidor
652,Lori Forrest,69822376-6,hombre,29,repartidor
421,Carley Dixon,91888493-9,mujer,27,repartidor
325,Ava Gilbert,81203114-7,mujer,21,administrativo
300,Humairaa Knights,70368495-5,mujer,28,repartidor
65,Quinn Munro,60574488-5,mujer,29,repartidor
698,Harlan Goodman,78413522-5,hombre,26,repartidor
532,Zachary Marks,64268937-1,mujer,19,administrativo
550,Bella-Rose Rivers,47591540-2,mujer,28,repartidor
116,Riccardo Hamilton,80588097-k,mujer,19,repartidor
660,Ayomide Mosley,46531952-6,mujer,24,repartidor
520,Ainsley Read,67629255-1,mujer,28,repartidor
42,Malaki Wiggins,94123958-7,hombre,22,repartidor
134,Tevin Walter,34882918-1,mujer,46,administrativo
183,Reyansh Mccormick,86367440-9,mujer,29,repartidor
273,Dania Love,16836029-0,hombre,24,repartidor
115,Ivie Perez,25198755-6,hombre,30,repartidor
688,Edna Harper,14156767-5,mujer,29,administrativo
324,Isabella-Rose Patrick,70841109-4,hombre,21,repartidor
313,Caspian Potts,22412109-1,hombre,23,repartidor
525,Muneeb Huff,57041868-8,mujer,34,repartidor
168,Christie Zavala,44604413-3,mujer,29,repartidor
546,Cecelia Bender,29877385-6,hombre,25,repartidor
794,Ella-Mai Butt,41775238-2,mujer,36,repartidor
38,Eleasha Craig,58000701-5,hombre,24,repartidor
572,Orlaith Jones,36918308-7,hombre,30,administrativo
787,Sabrina Gillespie,27626683-7,hombre,25,repartidor
686,Huw Lewis,79348268-k,hombre,37,repartidor
664,Milly Rudd,83469143-4,mujer,35,repartidor
615,Kajus Garrison,93285177-6,mujer,34,repartidor
661,Becky Strickland,49641463-2,hombre,30,repartidor
151,Lola-Mae Kay,93840785-1,hombre,22,repartidor
535,Susie Crane,14197251-0,mujer,26,repartidor
315,Finnley Orr,22169359-0,hombre,20,repartidor
259,Amie Fuller,10254486-2,mujer,27,repartidor
690,Tudor Proctor,76362168-5,mujer,36,repartidor
296,Shelby Holder,33802463-0,mujer,29,repartidor
23,Nyah Croft,68035652-1,mujer,20,repartidor
240,Caius Ball,57133149-7,mujer,22,repartidor
405,Laith Zimmerman,38235761-2,mujer,22,administrativo
683,Piotr Glenn,81881771-1,mujer,30,repartidor
136,Alix Thatcher,90594532-7,mujer,30,repartidor
657,Lilly-Grace Horn,42113348-4,mujer,25,repartidor
244,Natalya Morgan,37981852-8,hombre,34,administrativo
506,Theia Parkes,74361473-9,mujer,20,repartidor
630,Emelia Roche,66295586-8,hombre,34,repartidor
351,Summer-Louise Strong,99463426-7,hombre,30,repartidor
409,Mack Wallis,53456223-3,mujer,28,repartidor
407,Sherri Kearns,38470405-0,mujer,22,repartidor
99,Nathanael Carlson,70733075-9,hombre,24,repartidor
291,Nafisa Foster,73178495-7,mujer,25,repartidor
792,Sakina Stewart,40161573-3,hombre,23,repartidor
799,Harlow Woods,99302343-4,hombre,24,repartidor
717,Maisy Bright,77191435-7,hombre,19,repartidor
575,Ricardo Amin,43538788-8,mujer,23,repartidor
669,Dawson Rayner,73290473-5,mujer,39,repartidor
187,Kathryn Whiteley,15373219-1,mujer,32,repartidor
223,Jorgie Power,58844715-4,mujer,23,administrativo
366,Lily-Rose Wharton,43329730-k,mujer,34,repartidor
61,Kacy Stubbs,55012555-2,hombre,28,repartidor
372,Julien Sloan,35656775-7,mujer,20,repartidor
381,Kiera Mccallum,71518049-9,hombre,30,repartidor
411,Carter Richards,94864113-5,hombre,21,repartidor
130,Marwah Wiggins,82833215-5,hombre,40,repartidor
221,Lillia Hartman,45385992-4,mujer,24,repartidor
56,Alasdair Lucas,27852199-0,hombre,56,administrativo
77,Simone Akhtar,18969557-8,hombre,53,administrativo
243,Thalia Scott,21823347-3,mujer,27,repartidor
153,Faiz Edmonds,25750021-7,hombre,35,repartidor
815,Nathaniel Rivas,79974368-k,mujer,22,repartidor
779,Karis Downes,42494071-2,mujer,25,repartidor
154,Cadi Stokes,79758989-6,hombre,20,repartidor
734,Aalia Ball,59051717-8,mujer,25,repartidor
432,Elle Lindsay,97404549-4,hombre,38,repartidor
6,Aadam Dunlop,66540267-3,hombre,30,repartidor
761,Shayaan Watkins,56405384-8,hombre,28,repartidor
600,Clayton Mckenna,75397524-1,mujer,34,repartidor
404,Lacey Thatcher,59495529-3,hombre,38,repartidor
153,Faiz Edmonds,25750021-7,hombre,35,repartidor
677,Zack Sanderson,85516291-1,hombre,32,repartidor
708,Macsen Major,62034785-k,hombre,38,repartidor
98,Shay Glass,38405094-8,mujer,45,administrativo
578,Raife Cassidy,41234355-7,hombre,28,repartidor
636,Denis Mann,92946711-6,mujer,28,repartidor
810,Ariyan Patel,37780063-k,hombre,21,repartidor
563,Florence Lucero,66866166-1,hombre,23,repartidor
526,Ziva Langley,75129314-3,hombre,39,repartidor
289,Lois Charlton,58366562-5,mujer,39,repartidor
369,Iris Fowler,69167855-5,mujer,25,repartidor
207,Kien Christensen,33199896-6,hombre,28,repartidor
86,Nataniel Miller,44100123-1,mujer,22,repartidor
281,Zayaan Paterson,12673702-5,mujer,28,repartidor
237,Madeleine Henson,82319208-8,mujer,21,administrativo
96,Lacy Simon,79861684-6,hombre,36,repartidor
732,Akeem Odonnell,21016824-9,hombre,20,administrativo
392,Theo Davenport,32750103-8,hombre,39,repartidor
461,Kurt Sutton,28370900-0,hombre,52,administrativo
306,Trey Evans,82903113-2,hombre,38,repartidor
53,Eoin Sosa,28060713-4,hombre,29,repartidor
373,Yisroel Wheatley,22566169-3,mujer,59,administrativo
543,Joan Alvarado,21878618-9,hombre,26,repartidor
591,Mayson Nicholson,26541300-5,hombre,23,repartidor
220,Bella-Rose Cox,69251591-9,mujer,25,repartidor
118,Jonathan Turner,30224213-5,mujer,40,repartidor
515,Iram Carroll,79922398-8,hombre,40,repartidor
497,Jose Farrell,80640357-1,hombre,34,repartidor
651,Tevin Wright,89671041-9,mujer,24,administrativo
424,Karter Swan,48996426-0,hombre,37,repartidor
705,Brendon Denton,23625905-6,mujer,22,repartidor
33,Ari Tomlinson,14377401-5,hombre,24,repartidor
812,Evan Haas,24655915-5,hombre,40,repartidor
120,Corrie Kirkpatrick,84729190-7,hombre,29,repartidor
121,Kimberly Mason,97632703-9,hombre,20,administrativo
625,Darryl Carlson,28673876-1,hombre,27,repartidor
765,Mimi Harris,48269008-4,hombre,49,administrativo
246,Cora Becker,73557956-8,mujer,27,repartidor
183,Reyansh Mccormick,86367440-9,mujer,29,repartidor
323,Heath Cruz,35480818-8,mujer,30,repartidor
334,Zaine Trujillo,20820475-0,hombre,24,repartidor
311,Jevan Martins,22937366-8,mujer,25,repartidor
162,Amelia-Rose Nguyen,22479749-4,hombre,45,administrativo
78,Andrea Chen,21840388-3,hombre,51,administrativo
499,Kingsley Goddard,73418283-4,mujer,19,administrativo
277,Avani Phan,51193594-6,mujer,39,repartidor
318,Martina Betts,41266992-4,mujer,30,repartidor
96,Lacy Simon,79861684-6,hombre,23,repartidor
591,Mayson Nicholson,26541300-5,hombre,23,repartidor
641,Roberta Rankin,22545748-4,mujer,30,repartidor
650,Asher Valentine,20774234-1,mujer,25,administrativo
757,Kamran Santos,90730270-9,hombre,28,repartidor
413,Erika Greene,25497638-5,mujer,49,administrativo
206,Raees Livingston,62425949-1,mujer,27,repartidor
218,Fred Salter,92898031-6,mujer,31,administrativo
192,Javan Wiley,57728317-6,hombre,21,repartidor
154,Cadi Stokes,79758989-6,hombre,29,repartidor
545,Danyl James,96332059-0,mujer,31,administrativo
171,Kofi Mcdermott,22532060-8,hombre,37,administrativo
114,Lorraine Maxwell,89793517-1,hombre,23,repartidor
58,Harriett Castillo,81559564-5,mujer,24,repartidor
797,Hashir Hendricks,38100857-6,mujer,29,repartidor
115,Ivie Perez,25198755-6,hombre,29,repartidor
392,Theo Davenport,32750103-8,hombre,39,repartidor
611,Marlene Hawes,41071374-8,hombre,40,repartidor
113,Naya Melia,29676675-5,mujer,59,administrativo
291,Nafisa Foster,73178495-7,mujer,25,repartidor
554,Samuel Sheridan,82270937-0,hombre,24,repartidor
615,Kajus Garrison,93285177-6,mujer,34,repartidor
515,Iram Carroll,79922398-8,hombre,40,repartidor
339,Thea Stephens,64043694-8,mujer,37,repartidor
691,Winston Castro,10537138-1,mujer,22,repartidor
330,Gerrard Ho,22150901-3,mujer,47,administrativo
427,Evelyn Duran,31845287-3,hombre,51,administrativo
350,Oran Valdez,21672114-4,hombre,31,repartidor
439,Mylah Long,25327705-k,mujer,50,administrativo
388,Sylvia Mcfarland,50536630-1,hombre,19,repartidor
523,Millie Nava,96217495-7,hombre,20,repartidor
726,Shahzaib Lester,84621982-k,mujer,22,repartidor
306,Trey Evans,82903113-2,hombre,38,repartidor
240,Caius Ball,57133149-7,mujer,22,repartidor
534,Fynley Glenn,34048567-k,mujer,25,repartidor
398,Gracie-May Patton,14002078-8,hombre,28,repartidor
264,Roan Stubbs,42162871-8,mujer,34,repartidor
715,Ramone Guzman,40236352-5,mujer,27,repartidor
781,Faheem Bains,16697747-9,hombre,42,administrativo
118,Jonathan Turner,30224213-5,mujer,40,repartidor
216,Danyl Boyer,62196038-5,mujer,29,repartidor
710,Vincenzo Preece,45026733-3,mujer,39,repartidor
29,Alexandra Naylor,85594953-9,mujer,19,repartidor
811,Luqman Marks,15795964-6,mujer,28,repartidor
462,Reanne Cooke,32219010-7,mujer,21,repartidor
75,Braiden Hoover,26635765-6,hombre,28,repartidor
636,Denis Mann,92946711-6,mujer,33,repartidor
693,Jonah Murphy,53331281-0,hombre,21,repartidor
110,Aviana Nairn,78918085-7,hombre,37,repartidor
619,Ruby-May Espinosa,44290962-8,hombre,35,repartidor
190,Angus Fleming,23648509-9,hombre,29,administrativo
200,Alana Rahman,46787382-2,hombre,22,repartidor
444,Joseff Peters,20467855-3,hombre,20,repartidor
33,Ari Tomlinson,14377401-5,hombre,24,repartidor
554,Samuel Sheridan,82270937-0,hombre,24,repartidor
79,Yisroel O'Neill,69265725-k,mujer,27,repartidor
133,Adrian Fitzgerald,59444986-k,hombre,31,repartidor
692,Pierce Mora,29557986-2,mujer,26,repartidor
9,Khia Kline,22587614-2,mujer,22,repartidor
356,Cem Moss,13592940-9,mujer,32,repartidor
586,Kirstin Fry,21630671-6,mujer,23,repartidor
816,Harry Hood,42868972-0,mujer,26,repartidor
320,Henri Barrett,26113418-7,hombre,40,administrativo
803,Gaia Pearson,23686910-5,mujer,28,repartidor
531,Carter Bradshaw,83123905-0,hombre,35,repartidor
177,Abbas Gonzales,85884715-k,hombre,39,repartidor
657,Lilly-Grace Horn,42113348-4,mujer,25,repartidor
768,Tiffany Cantu,66714421-3,hombre,26,repartidor
118,Jonathan Turner,30224213-5,mujer,40,repartidor
423,Reya Bruce,53383454-k,mujer,29,repartidor
741,Pola Finney,10339840-1,mujer,23,repartidor
317,Rhonda Reeve,97538963-4,hombre,26,repartidor
474,Suzanna Romero,80558312-6,hombre,22,repartidor
574,Ivy-Rose Mcclure,41659296-9,mujer,25,repartidor
310,Annabelle Hester,33874298-3,mujer,41,administrativo
118,Jonathan Turner,30224213-5,mujer,40,repartidor
291,Nafisa Foster,73178495-7,mujer,25,repartidor
335,Jardel Keith,40597717-6,hombre,25,repartidor
477,Amritpal Whyte,29295221-k,mujer,22,repartidor
46,Jad Mercer,62820832-8,mujer,20,administrativo
270,Gene Melton,50511840-5,hombre,23,repartidor
357,Zeshan Mcmillan,36205098-7,mujer,25,repartidor
709,Ameera Edwards,64367868-3,mujer,28,repartidor
744,Sonnie Pugh,34039148-9,mujer,35,repartidor
156,Jasper Hicks,53038300-8,mujer,19,repartidor
28,Gabija Norton,12460058-8,hombre,19,repartidor
614,Deanne Villarreal,67753422-2,mujer,40,repartidor
358,Mahnoor Legge,96828461-4,hombre,31,repartidor
101,Fariha Barnard,71962392-1,hombre,21,repartidor
381,Kiera Mccallum,71518049-9,hombre,30,repartidor
242,Sulaiman Martin,11077126-6,hombre,40,repartidor
687,Atticus Hussain,60020954-k,mujer,26,repartidor
561,Linzi Wong,14200344-9,mujer,29,repartidor
660,Ayomide Mosley,46531952-6,mujer,24,repartidor
629,Janine Keller,45624249-9,hombre,28,repartidor
355,Elliot Pacheco,37184049-4,mujer,32,repartidor
353,Aisling Chaney,80228379-2,mujer,25,repartidor
738,Howard Boone,79543386-4,hombre,28,repartidor
285,Abubakr Benjamin,67609462-8,hombre,21,repartidor
497,Jose Farrell,80640357-1,hombre,34,repartidor
119,Tierney Mackay,79344858-9,hombre,20,repartidor
697,Ferne Fritz,25002692-7,mujer,27,repartidor
697,Ferne Fritz,25002692-7,mujer,27,repartidor
441,Fahad Travers,56474633-9,hombre,24,repartidor
333,Maddox Moon,66169613-3,hombre,35,repartidor
653,Geraint Shaw,59854747-5,mujer,37,repartidor
594,Saqib Mill,11784418-8,hombre,57,administrativo
500,Chance Barlow,59060940-4,hombre,25,administrativo
742,Annaliese Mckinney,69767927-8,hombre,39,repartidor
144,Millie-Rose Frost,83118985-1,hombre,21,repartidor
276,Cooper Draper,24796080-5,hombre,27,repartidor
548,Rhonda Carney,81403585-9,mujer,36,repartidor
575,Ricardo Amin,43538788-8,mujer,23,repartidor
442,Samiya Hardin,84911278-3,mujer,30,repartidor
598,Esme-Rose Wicks,41325900-2,hombre,29,repartidor
575,Ricardo Amin,43538788-8,mujer,26,repartidor
496,Imran Senior,30991735-9,mujer,25,repartidor
0,Corban Stacey,15286948-7,hombre,31,repartidor
65,Quinn Munro,60574488-5,mujer,29,repartidor
414,Omari Fuller,48459253-5,hombre,23,repartidor
357,Zeshan Mcmillan,36205098-7,mujer,20,repartidor
139,Verity Murray,60987426-0,hombre,47,administrativo
192,Javan Wiley,57728317-6,hombre,21,repartidor
674,Freddy Simons,52698782-9,hombre,33,repartidor
115,Ivie Perez,25198755-6,hombre,30,repartidor
681,Cheyanne Petersen,89751595-4,mujer,30,repartidor
734,Aalia Ball,59051717-8,mujer,22,repartidor
188,Chase Horner,30680313-1,hombre,23,repartidor
537,Denzel Herrera,95514882-7,hombre,29,repartidor
167,Edward Truong,44060880-9,mujer,21,repartidor
484,Jesus Small,90007582-0,hombre,20,repartidor
246,Cora Becker,73557956-8,mujer,27,repartidor
116,Riccardo Hamilton,80588097-k,mujer,19,repartidor
397,Margo Stuart,21875469-4,mujer,19,repartidor
553,Bridie Currie,63214464-4,mujer,24,repartidor
26,Ottilie Campos,78166652-1,mujer,28,repartidor
437,Jannat O'Moore,83635222-k,hombre,26,repartidor
123,Nel Carson,63421928-5,hombre,39,repartidor
579,Solomon Morton,31726652-9,hombre,27,repartidor
465,Lance Weber,26249833-6,mujer,26,repartidor
610,Lillie-Rose Stokes,29522091-0,mujer,29,repartidor
715,Ramone Guzman,40236352-5,mujer,24,repartidor
592,Latoya Powers,54252672-6,hombre,22,repartidor
583,Margaux Cleveland,44973013-5,hombre,56,administrativo
321,Izabella Bate,63699218-6,mujer,19,repartidor
94,Herbert Hawes,46491043-3,mujer,19,administrativo
149,Courtney O'Sullivan,53171533-0,mujer,38,repartidor
810,Ariyan Patel,37780063-k,hombre,21,repartidor
741,Pola Finney,10339840-1,mujer,23,repartidor
140,Talia Ellwood,41704207-5,mujer,27,repartidor
756,Harvey-Lee Burch,78301240-5,mujer,24,repartidor
262,Dante Nava,88732812-9,mujer,27,repartidor
601,Aimie Sears,72018152-5,hombre,32,repartidor
592,Latoya Powers,54252672-6,hombre,22,repartidor
85,Hermione Ventura,58593290-6,hombre,27,repartidor
181,Carys Conrad,78479752-k,hombre,31,repartidor
695,Reece Price,39038168-9,hombre,21,repartidor
225,Mai Regan,80698616-k,hombre,35,administrativo
539,Patryk Enriquez,54121962-5,hombre,23,repartidor
20,Alisa Carpenter,56781936-1,hombre,30,repartidor
803,Gaia Pearson,23686910-5,mujer,28,repartidor
147,Nyla Paul,91059844-9,mujer,42,administrativo
653,Geraint Shaw,59854747-5,mujer,37,repartidor
707,Lisa-Marie Grimes,19386119-9,hombre,28,repartidor
59,Macauley Davison,63459997-5,mujer,32,repartidor
506,Theia Parkes,74361473-9,mujer,20,repartidor
764,Billie Kaur,54546935-9,mujer,38,administrativo
361,Kasim Brooks,61892040-2,mujer,25,repartidor
238,Arslan Horton,13690129-k,hombre,39,repartidor
640,Emillie Frye,98661210-6,hombre,31,repartidor
295,Keeva Allan,60158787-4,hombre,37,administrativo
181,Carys Conrad,78479752-k,hombre,31,repartidor
130,Marwah Wiggins,82833215-5,hombre,40,repartidor
448,Layton Sparks,74269105-5,mujer,22,repartidor
35,Roisin Contreras,61514910-1,mujer,22,administrativo
642,Louie Harwood,36750587-7,mujer,19,repartidor
780,Annabelle Mullins,11123767-0,hombre,25,repartidor
232,Alyce Kirkpatrick,42678415-7,mujer,33,repartidor
110,Aviana Nairn,78918085-7,hombre,37,repartidor
757,Kamran Santos,90730270-9,hombre,28,repartidor
167,Edward Truong,44060880-9,mujer,21,repartidor
744,Sonnie Pugh,34039148-9,mujer,35,repartidor
485,Denise Daniel,53281073-6,mujer,36,repartidor
617,Minahil Kaye,59982206-2,hombre,23,repartidor
336,Fred Sharples,54451953-0,mujer,26,repartidor
12,Rahul Horne,95435510-1,mujer,20,repartidor
64,Codie Sampson,25342278-5,mujer,24,administrativo
416,Elliott Irwin,13890944-1,hombre,21,repartidor
252,Finnian Waller,45751112-4,hombre,18,administrativo
90,Julia Moses,77941465-5,hombre,39,administrativo
165,Abubakar Bowler,90471139-k,mujer,27,repartidor
106,Ira Houston,95777850-k,mujer,26,repartidor
129,Josh Fry,93066103-1,mujer,23,repartidor
459,Taiba Richmond,49628420-8,mujer,23,repartidor
360,Hiba Clemons,44822766-9,hombre,43,administrativo
350,Oran Valdez,21672114-4,hombre,31,repartidor
483,Ahsan Flynn,71389826-0,hombre,28,repartidor
525,Muneeb Huff,57041868-8,mujer,34,repartidor
76,Charlene Chester,79446327-1,hombre,38,administrativo
525,Muneeb Huff,57041868-8,mujer,34,repartidor
596,Kaiden Ewing,75357089-6,mujer,27,repartidor
550,Bella-Rose Rivers,47591540-2,mujer,28,repartidor
52,Charlie Rahman,99837067-1,mujer,22,repartidor
86,Nataniel Miller,44100123-1,mujer,22,repartidor
464,Codie Galloway,27183294-k,hombre,19,repartidor
291,Nafisa Foster,73178495-7,mujer,25,repartidor
636,Denis Mann,92946711-6,mujer,33,repartidor
548,Rhonda Carney,81403585-9,mujer,20,repartidor
671,Izaak Mathis,92386054-1,hombre,38,repartidor
698,Harlan Goodman,78413522-5,hombre,23,repartidor
776,Dainton Pratt,29004298-4,mujer,22,repartidor
37,Shamima Wormald,21924647-1,mujer,19,repartidor
671,Izaak Mathis,92386054-1,hombre,38,repartidor
540,Massimo Needham,66199699-4,hombre,26,repartidor
300,Humairaa Knights,70368495-5,mujer,29,repartidor
67,Haley Bonilla,55326528-2,hombre,19,repartidor
544,Asma Brook,35806868-5,mujer,32,administrativo
67,Haley Bonilla,55326528-2,hombre,32,repartidor
539,Patryk Enriquez,54121962-5,hombre,30,repartidor
314,Bryony Henry,68155764-4,hombre,20,repartidor
119,Tierney Mackay,79344858-9,hombre,20,repartidor
551,Junayd Andersen,67902197-4,hombre,36,repartidor
437,Jannat O'Moore,83635222-k,hombre,20,repartidor
555,Deen Smyth,80438756-0,hombre,21,repartidor
456,Daphne Mccallum,75981648-k,hombre,30,repartidor
159,Patryk Vang,18076157-8,hombre,26,repartidor
711,Hudson Emerson,54746197-5,mujer,38,repartidor
268,Tyreke Gilmore,12412672-k,mujer,37,repartidor
299,Effie Washington,79687907-6,hombre,35,repartidor
609,Thierry Hurley,82254885-7,mujer,21,repartidor
22,Tyrese Bishop,54178021-1,mujer,29,administrativo
351,Summer-Louise Strong,99463426-7,hombre,30,repartidor
551,Junayd Andersen,67902197-4,hombre,36,repartidor
431,Anish Coleman,46188032-0,hombre,23,administrativo
523,Millie Nava,96217495-7,hombre,20,repartidor
189,Oliver Fitzpatrick,80282829-2,hombre,25,repartidor
748,Kenzo Beech,95656123-k,mujer,28,administrativo
25,Katie Yoder,57078757-8,hombre,34,repartidor
707,Lisa-Marie Grimes,19386119-9,hombre,20,repartidor
636,Denis Mann,92946711-6,mujer,33,repartidor
705,Brendon Denton,23625905-6,mujer,22,repartidor
736,Hettie Samuels,37204390-3,hombre,30,repartidor
301,Hina Oneal,42679613-9,hombre,18,administrativo
714,Miyah Rhodes,59537115-5,mujer,49,administrativo
452,Kaeden Frazier,66185512-6,hombre,39,repartidor
42,Malaki Wiggins,94123958-7,hombre,22,repartidor
679,Amber-Rose Wardle,92244003-4,hombre,26,repartidor
264,Roan Stubbs,42162871-8,mujer,34,repartidor
790,Robyn Hyde,14495790-3,hombre,26,repartidor
772,Ayana Portillo,60456055-1,mujer,24,repartidor
434,Allison Costa,83029887-8,mujer,38,administrativo
102,Subhan Pearce,53329659-9,hombre,22,repartidor
749,Zac Mcgill,88107942-9,mujer,30,repartidor
761,Shayaan Watkins,56405384-8,hombre,28,repartidor
96,Lacy Simon,79861684-6,hombre,23,repartidor
466,Cai Mcneil,35115737-2,mujer,22,repartidor
82,Jayden-James Mckay,38717290-4,mujer,26,repartidor
20,Alisa Carpenter,56781936-1,hombre,39,repartidor
620,Tj Moran,88495383-9,mujer,21,repartidor
315,Finnley Orr,22169359-0,hombre,20,repartidor
299,Effie Washington,79687907-6,hombre,22,repartidor
429,Amanah Mckay,93635199-9,hombre,37,repartidor
125,Lilli Leech,13904984-5,mujer,31,repartidor
712,Raheel Bonilla,25399600-5,mujer,19,repartidor
458,Hasan Harrison,79308193-6,hombre,40,repartidor
779,Karis Downes,42494071-2,mujer,19,repartidor
391,Bryce Watt,75281837-1,mujer,25,repartidor
165,Abubakar Bowler,90471139-k,mujer,27,repartidor
132,Kohen Tait,87772349-6,hombre,31,repartidor
403,Cyrus Fountain,98296705-8,mujer,21,repartidor
328,Alexandra Barrera,82429778-9,hombre,22,repartidor
694,Frances Hartman,94559048-3,mujer,39,repartidor
593,Olivia-Rose Fuentes,22249624-1,hombre,24,repartidor
377,Demi-Leigh Byrd,22977216-3,hombre,33,repartidor
67,Haley Bonilla,55326528-2,hombre,32,repartidor
382,Nimrah Lowery,66398573-6,mujer,32,repartidor
97,Marianna Barry,61786224-7,hombre,21,repartidor
345,Enid Flower,77785207-8,hombre,31,repartidor
415,Lewis Mcleod,17070747-8,hombre,27,repartidor
646,Sylvia Faulkner,63953205-4,mujer,21,repartidor
456,Daphne Mccallum,75981648-k,hombre,25,repartidor
393,Melisa Travis,56350683-0,mujer,34,repartidor
695,Reece Price,39038168-9,hombre,21,repartidor
502,Alfie-James Moyer,74500563-2,hombre,36,repartidor
736,Hettie Samuels,37204390-3,hombre,30,repartidor
654,Zunairah Mcgee,53087333-1,mujer,19,repartidor
389,Samad Neville,54122700-8,mujer,19,repartidor
36,Uma Morales,77020926-9,mujer,19,repartidor
136,Alix Thatcher,90594532-7,mujer,23,repartidor
797,Hashir Hendricks,38100857-6,mujer,29,repartidor
785,Nasir Jenkins,45273848-1,hombre,27,repartidor
798,Yash Wallace,69691126-6,mujer,19,repartidor
287,Izaan Byrd,89077953-0,mujer,22,repartidor
471,Anees Morse,66284985-5,mujer,36,administrativo
159,Patryk Vang,18076157-8,hombre,26,repartidor
316,Cayson Branch,22913410-8,mujer,23,repartidor
799,Harlow Woods,99302343-4,hombre,24,repartidor
728,Karol Knights,23047484-2,mujer,28,repartidor
286,Zackery Sheridan,83028620-9,mujer,29,repartidor
181,Carys Conrad,78479752-k,hombre,31,repartidor
69,Loki Snyder,13938471-7,mujer,45,administrativo
72,Anne Bray,34966889-0,mujer,27,repartidor
105,Noah Avalos,79625227-8,mujer,31,administrativo
161,Hailie Kirkpatrick,45589350-k,mujer,34,repartidor
92,Caprice Davies,60517573-2,hombre,22,administrativo
610,Lillie-Rose Stokes,29522091-0,mujer,29,repartidor
10,Clayton Golden,29728267-0,mujer,27,administrativo
534,Fynley Glenn,34048567-k,mujer,25,repartidor
612,Diego Castillo,76081261-7,hombre,34,repartidor
169,Annaliese Rosa,48161908-4,hombre,25,repartidor
217,Steven Hills,20034783-8,mujer,37,repartidor
804,Ruth Steadman,93129166-1,mujer,22,repartidor
641,Roberta Rankin,22545748-4,mujer,30,repartidor
242,Sulaiman Martin,11077126-6,hombre,40,repartidor
21,Darcie-Mae Hutton,99116865-6,hombre,37,repartidor
175,Mared Pineda,17459269-1,hombre,60,administrativo
323,Heath Cruz,35480818-8,mujer,30,repartidor
191,Naeem Sharpe,72157153-k,hombre,24,repartidor
478,Lucien Watkins,22760013-6,mujer,36,repartidor
805,Asiya Short,98357275-8,hombre,22,repartidor
424,Karter Swan,48996426-0,hombre,37,repartidor
676,Rita Kouma,58378678-3,hombre,34,repartidor
776,Dainton Pratt,29004298-4,mujer,22,repartidor
716,Prisha Spencer,54726514-9,hombre,35,repartidor
701,Lennox Mcculloch,29637564-0,mujer,20,repartidor
119,Tierney Mackay,79344858-9,hombre,34,repartidor
618,Quentin Jacobs,66658505-4,hombre,22,repartidor
159,Patryk Vang,18076157-8,hombre,26,repartidor
157,Kara Rivas,87634133-6,hombre,37,repartidor
55,Dillon Reeves,83917354-7,mujer,34,repartidor
345,Enid Flower,77785207-8,hombre,31,repartidor
635,Shane Best,39043389-1,hombre,36,repartidor
737,Cari Welch,48592540-6,mujer,28,repartidor
655,Xander Simmonds,91258242-6,hombre,26,repartidor
607,Adele Douglas,42814101-6,hombre,53,administrativo
476,Georgiana Yu,68225683-4,hombre,28,repartidor
243,Thalia Scott,21823347-3,mujer,36,repartidor
372,Julien Sloan,35656775-7,mujer,20,repartidor
621,Karina Morgan,97632307-6,hombre,32,repartidor
429,Amanah Mckay,93635199-9,hombre,28,repartidor
718,Kit Adams,70638696-3,mujer,30,repartidor
214,Milly Olson,48176712-1,mujer,25,repartidor
398,Gracie-May Patton,14002078-8,hombre,28,repartidor
534,Fynley Glenn,34048567-k,mujer,25,repartidor
166,Jean Cullen,20032612-1,hombre,54,administrativo
466,Cai Mcneil,35115737-2,mujer,22,repartidor
656,Calista Cummings,17341224-k,mujer,53,administrativo
47,Darla Childs,61995722-9,hombre,21,administrativo
38,Eleasha Craig,58000701-5,hombre,24,repartidor
247,Allana Jarvis,26617374-1,hombre,37,repartidor
39,Caitlyn Mckenzie,76160177-6,mujer,28,repartidor
670,Tasmin Crossley,75020925-4,hombre,22,repartidor
603,Claudia Avery,44626695-0,hombre,29,repartidor
157,Kara Rivas,87634133-6,hombre,25,repartidor
784,Ilayda Whitehouse,11118739-8,mujer,29,administrativo
18,Jaidon Gay,84964932-9,mujer,36,repartidor
336,Fred Sharples,54451953-0,mujer,20,repartidor
739,Roosevelt Charlton,70433997-6,mujer,33,administrativo
579,Solomon Morton,31726652-9,hombre,27,repartidor
61,Kacy Stubbs,55012555-2,hombre,24,repartidor
728,Karol Knights,23047484-2,mujer,28,repartidor
20,Alisa Carpenter,56781936-1,hombre,21,repartidor
815,Nathaniel Rivas,79974368-k,mujer,22,repartidor
182,Heena Valenzuela,60854678-2,mujer,55,administrativo
444,Joseff Peters,20467855-3,hombre,20,repartidor
332,Callan Lowe,56093204-9,mujer,26,repartidor
535,Susie Crane,14197251-0,mujer,26,repartidor
418,Vikki Partridge,44380500-1,mujer,19,administrativo
95,Kelise Fraser,73543707-0,mujer,19,repartidor
12,Rahul Horne,95435510-1,mujer,28,repartidor
142,Jamie-Lee Cook,96863860-2,hombre,35,repartidor
129,Josh Fry,93066103-1,mujer,23,repartidor
39,Caitlyn Mckenzie,76160177-6,mujer,28,repartidor
559,Kaiya Huerta,87371798-k,mujer,31,repartidor
603,Claudia Avery,44626695-0,hombre,36,repartidor
595,Priya Oneil,96213582-k,mujer,30,repartidor
198,Justine Black,32211035-9,mujer,25,repartidor
470,Guto Benitez,59890575-4,mujer,21,repartidor
230,Bernard Wells,12815044-7,hombre,37,repartidor
693,Jonah Murphy,53331281-0,hombre,27,repartidor
691,Winston Castro,10537138-1,mujer,27,repartidor
681,Cheyanne Petersen,89751595-4,mujer,30,repartidor
177,Abbas Gonzales,85884715-k,hombre,39,repartidor
257,Tyreece Cohen,69777560-9,hombre,35,repartidor
368,Alister Hartman,91461351-5,mujer,30,repartidor
270,Gene Melton,50511840-5,hombre,20,repartidor
207,Kien Christensen,33199896-6,hombre,28,repartidor
602,Forrest Salt,98152080-7,mujer,39,repartidor
37,Shamima Wormald,21924647-1,mujer,24,repartidor
472,Liyah Cooper,93176945-6,hombre,31,repartidor
127,Sian Montgomery,51827744-8,mujer,26,repartidor
600,Clayton Mckenna,75397524-1,mujer,34,repartidor
717,Maisy Bright,77191435-7,hombre,19,repartidor
141,Nicky O'Brien,15460166-k,mujer,20,repartidor
678,Toby Day,69186141-4,mujer,28,repartidor
772,Ayana Portillo,60456055-1,mujer,24,repartidor
584,Toby Petty,84593882-2,hombre,35,repartidor
486,Isabell Hogan,96735305-1,hombre,27,repartidor
2,Sia Begum,10348170-8,mujer,27,repartidor
336,Fred Sharples,54451953-0,mujer,19,repartidor
759,Stefan Allen,92060023-9,mujer,19,repartidor
645,Manisha Stephens,65485230-8,mujer,28,repartidor
689,Keagan Hope,91957637-5,hombre,33,repartidor
749,Zac Mcgill,88107942-9,mujer,26,repartidor
655,Xander Simmonds,91258242-6,hombre,30,repartidor
236,Maxime Haigh,49718772-9,mujer,20,repartidor
422,Elizabeth Hopper,81234956-2,hombre,38,repartidor
224,Donna Montes,75903526-7,mujer,27,repartidor
513,Ralphy Phan,94362008-3,hombre,29,repartidor
257,Tyreece Cohen,69777560-9,hombre,35,repartidor
547,Abdi Mccoy,97166191-7,hombre,24,administrativo
32,Jonny Cortes,24945173-8,mujer,25,repartidor
518,Avneet Pennington,37925650-3,mujer,27,repartidor
811,Luqman Marks,15795964-6,mujer,22,repartidor
178,Scarlet Banks,83386046-1,mujer,28,repartidor
472,Liyah Cooper,93176945-6,hombre,26,repartidor
466,Cai Mcneil,35115737-2,mujer,28,repartidor
239,Jobe Hopper,69135613-2,hombre,31,repartidor
49,Vijay Palacios,51667797-k,mujer,20,repartidor
672,Korban Robbins,38629675-8,mujer,30,repartidor
801,Miller Fletcher,35340502-0,hombre,34,repartidor
425,Hettie Sweeney,99937169-8,hombre,29,repartidor
531,Carter Bradshaw,83123905-0,hombre,35,repartidor
191,Naeem Sharpe,72157153-k,hombre,24,repartidor
629,Janine Keller,45624249-9,hombre,21,repartidor
810,Ariyan Patel,37780063-k,hombre,21,repartidor
521,Jaheim William,37117213-0,hombre,32,repartidor
18,Jaidon Gay,84964932-9,mujer,36,repartidor
128,Arham Johnson,58496906-7,hombre,26,repartidor
205,Ilyas Puckett,34012878-8,mujer,26,repartidor
579,Solomon Morton,31726652-9,hombre,27,repartidor
652,Lori Forrest,69822376-6,hombre,29,repartidor
155,Jibril Davie,99748016-3,hombre,32,administrativo
479,Carter Plummer,27003910-3,hombre,25,repartidor
757,Kamran Santos,90730270-9,hombre,28,repartidor
793,India Camacho,12969098-4,mujer,32,repartidor
817,Brandy Ponce,25696685-9,mujer,41,administrativo
185,Ihsan Kelley,51093069-k,hombre,23,repartidor
75,Braiden Hoover,26635765-6,hombre,28,repartidor
82,Jayden-James Mckay,38717290-4,mujer,25,repartidor
144,Millie-Rose Frost,83118985-1,hombre,27,repartidor
26,Ottilie Campos,78166652-1,mujer,28,repartidor
191,Naeem Sharpe,72157153-k,hombre,29,repartidor
342,Adrienne Lamb,26475026-1,mujer,25,repartidor
699,Elle-May Iles,96251410-3,hombre,21,repartidor
800,Ariadne Hibbert,35155157-7,mujer,23,repartidor
187,Kathryn Whiteley,15373219-1,mujer,32,repartidor
493,Aubree Marsden,71796805-0,mujer,31,repartidor
507,Kian Branch,43123228-6,hombre,22,repartidor
553,Bridie Currie,63214464-4,mujer,24,repartidor
596,Kaiden Ewing,75357089-6,mujer,27,repartidor
344,Taybah Best,33006349-1,mujer,28,repartidor
334,Zaine Trujillo,20820475-0,hombre,39,repartidor
697,Ferne Fritz,25002692-7,mujer,19,repartidor
530,Ayaan Bass,59105378-7,hombre,23,repartidor
605,Alicja Magana,56744324-8,mujer,30,repartidor
339,Thea Stephens,64043694-8,mujer,37,repartidor
251,Mehak Dawson,80600254-2,mujer,23,repartidor
490,Anisha Brady,20694588-5,mujer,39,repartidor
457,Luther Simon,67314332-6,mujer,21,administrativo
786,Jonny Newton,33461512-k,mujer,50,administrativo
569,Mason Ritter,65175008-3,hombre,24,administrativo
353,Aisling Chaney,80228379-2,mujer,25,repartidor
